software_name,software_url,repository_url,all_github_links,organization,repository_name,owner_repo_pattern,source
KNIME Pharmacophore,https://research-software-directory.org/software/3d-e-chem-knime-pharmacophore,https://github.com/3D-e-Chem/knime-pharmacophore,['https://github.com/3D-e-Chem/knime-pharmacophore'],3D-e-Chem,knime-pharmacophore,3D-e-Chem/knime-pharmacophore,RSD
KNIME PLANTS,https://research-software-directory.org/software/3d-e-chem-knime-plants,https://github.com/3D-e-Chem/knime-plants,['https://github.com/3D-e-Chem/knime-plants'],3D-e-Chem,knime-plants,3D-e-Chem/knime-plants,RSD
KNIME Python node archetype,https://research-software-directory.org/software/3d-e-chem-knime-python-node-archetype,https://github.com/3D-e-Chem/knime-python-node-archetype,['https://github.com/3D-e-Chem/knime-python-node-archetype'],3D-e-Chem,knime-python-node-archetype,3D-e-Chem/knime-python-node-archetype,RSD
KNIME Python wrapper,https://research-software-directory.org/software/3d-e-chem-knime-python-wrapper,https://github.com/3D-e-Chem/knime-python-wrapper,['https://github.com/3D-e-Chem/knime-python-wrapper'],3D-e-Chem,knime-python-wrapper,3D-e-Chem/knime-python-wrapper,RSD
KNIME Silicos-it nodes,https://research-software-directory.org/software/3d-e-chem-knime-silicos-it,https://github.com/3D-e-Chem/knime-silicos-it,['https://github.com/3D-e-Chem/knime-silicos-it'],3D-e-Chem,knime-silicos-it,3D-e-Chem/knime-silicos-it,RSD
SyGMa,https://research-software-directory.org/software/3d-e-chem-sygma,https://github.com/3D-e-Chem/sygma,['https://github.com/3D-e-Chem/sygma'],3D-e-Chem,sygma,3D-e-Chem/sygma,RSD
3D-e-Chem Virtual Machine,https://research-software-directory.org/software/3d-e-chem-vm,https://github.com/3D-e-Chem/3D-e-Chem-VM,['https://github.com/3D-e-Chem/3D-e-Chem-VM'],3D-e-Chem,3D-e-Chem-VM,3D-e-Chem/3D-e-Chem-VM,RSD
3D Slicer,https://research-software-directory.org/software/3d-slicer,https://github.com/Slicer/Slicer,['https://github.com/Slicer/Slicer'],Slicer,Slicer,Slicer/Slicer,RSD
4CAT Capture & Analysis Toolkit,https://research-software-directory.org/software/4cat,https://github.com/strohne/Facepager,"['https://github.com/strohne/Facepager', 'https://github.com/digitalmethodsinitiative/4cat', 'https://github.com/digitalmethodsinitiative/zeeschuimer']",strohne,Facepager,strohne/Facepager,RSD
Argon Laser-Plasma Thruster - Design and Test of a Laboratory Model - Processing and Analysis Code,https://research-software-directory.org/software/4tu-argon-laser-plasma-thruster-design-and-test-of-a-laboratory-model-processing-and-analysis-code,https://github.com/eeduplay/MScThesis,['https://github.com/eeduplay/MScThesis'],eeduplay,MScThesis,eeduplay/MScThesis,RSD
Bluesky software: underlying the publication “Distributed Conflict Resolution at High Traffic Densities with Reinforcement Learning”,https://research-software-directory.org/software/4tu-bluesky-software-underlying-the-publication-distributed-conflict-resolution-at-high-traffic-densities-with-reinforcement-learning,https://github.com/TUDelft-CNS-ATM/bluesky,['https://github.com/TUDelft-CNS-ATM/bluesky'],TUDelft-CNS-ATM,bluesky,TUDelft-CNS-ATM/bluesky,RSD
Bluesky software: underlying the publication “Improving Algorithm Conflict Resolution Manoeuvres with Reinforcement Learning”,https://research-software-directory.org/software/4tu-bluesky-software-underlying-the-publication-improving-algorithm-conflict-resolution-manoeuvres-with-reinforcement-learning,https://github.com/TUDelft-CNS-ATM/bluesky,['https://github.com/TUDelft-CNS-ATM/bluesky'],TUDelft-CNS-ATM,bluesky,TUDelft-CNS-ATM/bluesky,RSD
Code belonging to the publication: Closed-loop model-predictive wind farm flow control under time-varying inflow using FLORIDyn,https://research-software-directory.org/software/4tu-code-belonging-to-the-publication-closed-loop-model-predictive-wind-farm-flow-control-under-time-varying-inflow-using-floridyn,https://github.com/TUDelft-DataDrivenControl/OFF,"['https://github.com/TUDelft-DataDrivenControl/SOWFA', 'https://github.com/TUDelft-DataDrivenControl/OFF']",TUDelft-DataDrivenControl,OFF,TUDelft-DataDrivenControl/OFF,RSD
"Code related to ""Loudspeaker Beamforming to Enhance Speech Recognition Performance of Voice Driven Applications""",https://research-software-directory.org/software/4tu-code-related-to-loudspeaker-beamforming-to-enhance-speech-recognition-performance-of-voice-driven-applications,https://github.com/D1mme/LoudspeakerBeamformingForVoiceDrivenApplications,['https://github.com/D1mme/LoudspeakerBeamformingForVoiceDrivenApplications'],D1mme,LoudspeakerBeamformingForVoiceDrivenApplications,D1mme/LoudspeakerBeamformingForVoiceDrivenApplications,RSD
CRSUTIL Coordinate and Time Reference System Matlab Toolbox,https://research-software-directory.org/software/4tu-crsutil-coordinate-and-time-reference-system-matlab-toolbox,https://github.com/hvandermarel/crsutil-matlab-toolbox,['https://github.com/hvandermarel/crsutil-matlab-toolbox'],hvandermarel,crsutil-matlab-toolbox,hvandermarel/crsutil-matlab-toolbox,RSD
"data_analysis - Supporting material for ""A hardware-efficient leakage-reduction scheme for quantum error correction with superconducting transmon qubits""",https://research-software-directory.org/software/4tu-data-analysis-supporting-material-for-a-hardware-efficient-leakage-reduction-scheme-for-quantum-error-correction-with-superconducting-transmon-qubits,https://github.com/obriente/qgarden,['https://github.com/obriente/qgarden'],obriente,qgarden,obriente/qgarden,RSD
Data for 'Performance metrics for the continuous distribution of entanglement in multi-user quantum networks',https://research-software-directory.org/software/4tu-data-for-performance-metrics-for-the-continuous-distribution-of-entanglement-in-multi-user-quantum-networks,https://github.com/AlvaroGI/optimizing-cd-protocols,['https://github.com/AlvaroGI/optimizing-cd-protocols'],AlvaroGI,optimizing-cd-protocols,AlvaroGI/optimizing-cd-protocols,RSD
endogenous-macrodynamics-in-algorithmic-recourse,https://research-software-directory.org/software/4tu-endogenous-macrodynamics-in-algorithmic-recourse,https://github.com/pat-alt/endogenous-macrodynamics-in-algorithmic-recourse,['https://github.com/pat-alt/endogenous-macrodynamics-in-algorithmic-recourse'],pat-alt,endogenous-macrodynamics-in-algorithmic-recourse,pat-alt/endogenous-macrodynamics-in-algorithmic-recourse,RSD
FLORIDyn (OFF toolbox) Code and input files underlying the publication: Wind pattern clustering of high frequent field measurements for dynamic wind farm flow control,https://research-software-directory.org/software/4tu-floridyn-off-toolbox-code-and-input-files-underlying-the-publication-wind-pattern-clustering-of-high-frequent-field-measurements-for-dynamic-wind-farm-flow-control,https://github.com/NREL/floris,['https://github.com/NREL/floris'],NREL,floris,NREL/floris,RSD
FluvGAN: Python scripts to test generating and inverting fluvial deposits using GANs,https://research-software-directory.org/software/4tu-fluvgan-python-scripts-to-test-generating-and-inverting-fluvial-deposits-using-gans,https://github.com/grongier/voxgan,"['https://github.com/childmodel/child', 'https://github.com/grongier/voxgan']",grongier,voxgan,grongier/voxgan,RSD
GNSS-Perl-toolbox,https://research-software-directory.org/software/4tu-gnss-perl-toolbox,https://github.com/hvandermarel/GNSS-Perl-toolbox,['https://github.com/hvandermarel/GNSS-Perl-toolbox'],hvandermarel,GNSS-Perl-toolbox,hvandermarel/GNSS-Perl-toolbox,RSD
GNSS Precise Point Positioning (PPP) Matlab Toolbox,https://research-software-directory.org/software/4tu-gnss-precise-point-positioning-ppp-matlab-toolbox,https://github.com/hvandermarel/gnss-ppp-matlab-toolbox,['https://github.com/hvandermarel/gnss-ppp-matlab-toolbox'],hvandermarel,gnss-ppp-matlab-toolbox,hvandermarel/gnss-ppp-matlab-toolbox,RSD
International Terrestrial Reference Frame (ITRF) Matlab Toolbox,https://research-software-directory.org/software/4tu-international-terrestrial-reference-frame-itrf-matlab-toolbox,https://github.com/hvandermarel/itrf-matlab-toolbox,['https://github.com/hvandermarel/itrf-matlab-toolbox'],hvandermarel,itrf-matlab-toolbox,hvandermarel/itrf-matlab-toolbox,RSD
IUI2025_ConvXAI,https://research-software-directory.org/software/4tu-iui2025-convxai,https://github.com/delftcrowd/IUI2025_ConvXAI,['https://github.com/delftcrowd/IUI2025_ConvXAI'],delftcrowd,IUI2025_ConvXAI,delftcrowd/IUI2025_ConvXAI,RSD
LOV3D,https://research-software-directory.org/software/4tu-lov3d,https://github.com/mroviranavarro/LOV3D_multi,['https://github.com/mroviranavarro/LOV3D_multi'],mroviranavarro,LOV3D_multi,mroviranavarro/LOV3D_multi,RSD
"Microscopy data, code and analysis underlying the publication ""Optical STEM detection for scanning electron microscopy""",https://research-software-directory.org/software/4tu-microscopy-data-code-and-analysis-underlying-the-publication-optical-stem-detection-for-scanning-electron-microscopy,https://github.com/hoogenboom-group/Kievits-OSTEM-2023,['https://github.com/hoogenboom-group/Kievits-OSTEM-2023'],hoogenboom-group,Kievits-OSTEM-2023,hoogenboom-group/Kievits-OSTEM-2023,RSD
MUSICiAn,https://research-software-directory.org/software/4tu-musician,https://github.com/joanagoncalveslab/MUSICiAn,['https://github.com/joanagoncalveslab/MUSICiAn'],joanagoncalveslab,MUSICiAn,joanagoncalveslab/MUSICiAn,RSD
oraqle,https://research-software-directory.org/software/4tu-oraqle,https://github.com/Crypto-TII/fhegen,['https://github.com/Crypto-TII/fhegen'],Crypto-TII,fhegen,Crypto-TII/fhegen,RSD
port_data_graphs,https://research-software-directory.org/software/4tu-port-data-graphs,https://github.com/EwoutH/shipping-data,['https://github.com/EwoutH/shipping-data'],EwoutH,shipping-data,EwoutH/shipping-data,RSD
pyBarSim,https://research-software-directory.org/software/4tu-pybarsim,https://github.com/grongier/pybarsim,['https://github.com/grongier/pybarsim'],grongier,pybarsim,grongier/pybarsim,RSD
"RobustQO, data and codes related to the paper: ""Extending the scope of robust quadratic optimization.""",https://research-software-directory.org/software/4tu-robustqo-data-and-codes-related-to-the-paper-extending-the-scope-of-robust-quadratic-optimization,https://github.com/ahmadreza-marandi/RobustQO,['https://github.com/ahmadreza-marandi/RobustQO'],ahmadreza-marandi,RobustQO,ahmadreza-marandi/RobustQO,RSD
SAM Java and Matlab code for running and analysis the experiments in the  PhD Thesis: Self-Organizing Multi-Agent Systems,https://research-software-directory.org/software/4tu-sam-java-and-matlab-code-for-running-and-analysis-the-experiments-in-the-phd-thesis-self-organizing-multi-agent-systems,https://github.com/coenvl/jSAM,"['https://github.com/coenvl/jSAM', 'https://github.com/coenvl/mSAM']",coenvl,jSAM,coenvl/jSAM,RSD
Sample dataset and software for FAST-EM array tomography,https://research-software-directory.org/software/4tu-sample-dataset-and-software-for-fast-em-array-tomography,https://github.com/google-research/sofima,['https://github.com/google-research/sofima'],google-research,sofima,google-research/sofima,RSD
SBSL,https://research-software-directory.org/software/4tu-sbsl,https://github.com/joanagoncalveslab/SBSL,['https://github.com/joanagoncalveslab/SBSL'],joanagoncalveslab,SBSL,joanagoncalveslab/SBSL,RSD
sensession,https://research-software-directory.org/software/4tu-sensession,https://github.com/nzqo/sensession,['https://github.com/nzqo/sensession'],nzqo,sensession,nzqo/sensession,RSD
Software for self-adaptive and on-the-fly mapping of coastal parameters from video of a wave field,https://research-software-directory.org/software/4tu-software-for-self-adaptive-and-on-the-fly-mapping-of-coastal-parameters-from-video-of-a-wave-field,https://github.com/MatthijsGawehn/COCOS,['https://github.com/MatthijsGawehn/COCOS'],MatthijsGawehn,COCOS,MatthijsGawehn/COCOS,RSD
Source code for: Assessing the Validity of a Calcifying Oral Biofilm Model as a Suitable Proxy for Dental Calculus,https://research-software-directory.org/software/4tu-source-code-for-assessing-the-validity-of-a-calcifying-oral-biofilm-model-as-a-suitable-proxy-for-dental-calculus,https://github.com/bbartholdy/byoc-valid,['https://github.com/bbartholdy/byoc-valid'],bbartholdy,byoc-valid,bbartholdy/byoc-valid,RSD
spurious_sentience,https://research-software-directory.org/software/4tu-spurious-sentience,https://github.com/pat-alt/spurious_sentience,['https://github.com/pat-alt/spurious_sentience'],pat-alt,spurious_sentience,pat-alt/spurious_sentience,RSD
Vertical Conflict Resolution in Layered Airspace with Reinforcement Learning using the BlueSky Open Air Traffic Simulator,https://research-software-directory.org/software/4tu-vertical-conflict-resolution-in-layered-airspace-with-reinforcement-learning-using-the-bluesky-open-air-traffic-simulator,https://github.com/jangroter/TrafficDensityImpactRL,['https://github.com/jangroter/TrafficDensityImpactRL'],jangroter,TrafficDensityImpactRL,jangroter/TrafficDensityImpactRL,RSD
xcrisp,https://research-software-directory.org/software/4tu-xcrisp,https://github.com/joanagoncalveslab/xcrisp,['https://github.com/joanagoncalveslab/xcrisp'],joanagoncalveslab,xcrisp,joanagoncalveslab/xcrisp,RSD
addFeatures,https://research-software-directory.org/software/addfeatures,https://github.com/magnuspalmblad/addFeatures,['https://github.com/magnuspalmblad/addFeatures'],magnuspalmblad,addFeatures,magnuspalmblad/addFeatures,RSD
adhtools,https://research-software-directory.org/software/adhtools,https://github.com/arabic-digital-humanities/adhtools,['https://github.com/arabic-digital-humanities/adhtools'],arabic-digital-humanities,adhtools,arabic-digital-humanities/adhtools,RSD
admtools,https://research-software-directory.org/software/admtools,https://github.com/MindTheGap-ERC/admtools,['https://github.com/MindTheGap-ERC/admtools'],MindTheGap-ERC,admtools,MindTheGap-ERC/admtools,RSD
AHN point cloud viewer web service,https://research-software-directory.org/software/ahn-pointcloud-viewer-ws,https://github.com/NLeSC/ahn-pointcloud-viewer,"['https://github.com/NLeSC/ahn-pointcloud-viewer', 'https://github.com/NLeSC/ahn-pointcloud-viewer-ws']",NLeSC,ahn-pointcloud-viewer,NLeSC/ahn-pointcloud-viewer,RSD
AHN2 pointcloud viewer,https://research-software-directory.org/software/ahn2webviewer,https://github.com/NLeSC/ahn-pointcloud-viewer,['https://github.com/NLeSC/ahn-pointcloud-viewer'],NLeSC,ahn-pointcloud-viewer,NLeSC/ahn-pointcloud-viewer,RSD
Aiida-CHAMP,https://research-software-directory.org/software/aiida-champ,https://github.com/TREX-CoE/aiida-champ,['https://github.com/TREX-CoE/aiida-champ'],TREX-CoE,aiida-champ,TREX-CoE/aiida-champ,RSD
aiproteomics,https://research-software-directory.org/software/aiproteomics,https://github.com/aiproteomics/aiproteomics,['https://github.com/aiproteomics/aiproteomics'],aiproteomics,aiproteomics,aiproteomics/aiproteomics,RSD
Allelic Variation Explorer,https://research-software-directory.org/software/allelic-variation-explorer,https://github.com/nlesc-ave/ave-rest-service,['https://github.com/nlesc-ave/ave-rest-service'],nlesc-ave,ave-rest-service,nlesc-ave/ave-rest-service,RSD
AMBER,https://research-software-directory.org/software/amber,https://github.com/AA-ALERT/AMBER,['https://github.com/AA-ALERT/AMBER'],AA-ALERT,AMBER,AA-ALERT/AMBER,RSD
MPI-AMRVAC,https://research-software-directory.org/software/amrvac,https://github.com/amrvac/AGILE-experimental,['https://github.com/amrvac/AGILE-experimental'],amrvac,AGILE-experimental,amrvac/AGILE-experimental,RSD
AMUSE,https://research-software-directory.org/software/amuse,https://github.com/amusecode/amuse,['https://github.com/amusecode/amuse'],amusecode,amuse,amusecode/amuse,RSD
Analizo,https://research-software-directory.org/software/analizo,https://github.com/analizo/analizo,['https://github.com/analizo/analizo'],analizo,analizo,analizo/analizo,RSD
ANNUBeS,https://research-software-directory.org/software/annubes,https://github.com/ANNUBS/annubes,"['https://github.com/neurogym/neurogym', 'https://github.com/ANNUBS/annubes', 'https://github.com/audreyr/cookiecutter', 'https://github.com/NLeSC/python-template']",ANNUBS,annubes,ANNUBS/annubes,RSD
anonymoUUs,https://research-software-directory.org/software/anonymouus,https://github.com/UtrechtUniversity/anonymouus,['https://github.com/UtrechtUniversity/anonymouus'],UtrechtUniversity,anonymouus,UtrechtUniversity/anonymouus,RSD
APE,https://research-software-directory.org/software/ape-automated-pipeline-explorer,https://github.com/sanctuuary/ape,['https://github.com/sanctuuary/ape'],sanctuuary,ape,sanctuuary/ape,RSD
Arctic Web Map,https://research-software-directory.org/software/arctic-web-map,https://github.com/GeoSensorWebLab/awm-styles,"['https://github.com/GeoSensorWebLab/arctic-biomap-server', 'https://github.com/GeoSensorWebLab/awm-styles']",GeoSensorWebLab,awm-styles,GeoSensorWebLab/awm-styles,RSD
ArcticConnect,https://research-software-directory.org/software/arcticconnect,https://github.com/GeoSensorWebLab/arctic-portal,['https://github.com/GeoSensorWebLab/arctic-portal'],GeoSensorWebLab,arctic-portal,GeoSensorWebLab/arctic-portal,RSD
Arena-Crowds,https://research-software-directory.org/software/arena-crowds,https://github.com/ArenA-Crowds/Crowds,['https://github.com/ArenA-Crowds/Crowds'],ArenA-Crowds,Crowds,ArenA-Crowds/Crowds,RSD
argopy,https://research-software-directory.org/software/argopy,https://github.com/euroargodev/argopy,['https://github.com/euroargodev/argopy'],euroargodev,argopy,euroargodev/argopy,RSD
Arpra,https://research-software-directory.org/software/arpra,https://github.com/arpra-project/arpra,['https://github.com/arpra-project/arpra'],arpra-project,arpra,arpra-project/arpra,RSD
asreview-simulation,https://research-software-directory.org/software/asreview-simulation,https://github.com/asreview-simulation/asreview-simulation,['https://github.com/asreview-simulation/asreview-simulation'],asreview-simulation,asreview-simulation,asreview-simulation/asreview-simulation,RSD
asrlitcompare,https://research-software-directory.org/software/asrlitcompare,https://github.com/langtonhugh/asreview_irr,['https://github.com/langtonhugh/asreview_irr'],langtonhugh,asreview_irr,langtonhugh/asreview_irr,RSD
ASTRA Toolbox,https://research-software-directory.org/software/astra-toolbox,https://github.com/astra-toolbox/astra-toolbox,['https://github.com/astra-toolbox/astra-toolbox'],astra-toolbox,astra-toolbox,astra-toolbox/astra-toolbox,RSD
AstroImages.jl,https://research-software-directory.org/software/astroimagesjl,https://github.com/JuliaAstro/AstroImages.jl,['https://github.com/JuliaAstro/AstroImages.jl'],JuliaAstro,AstroImages.jl,JuliaAstro/AstroImages.jl,RSD
AstroLib.jl,https://research-software-directory.org/software/astrolibjl,https://github.com/JuliaAstro/AstroLib.jl,['https://github.com/JuliaAstro/AstroLib.jl'],JuliaAstro,AstroLib.jl,JuliaAstro/AstroLib.jl,RSD
AstronomicAL,https://research-software-directory.org/software/astronomical,https://github.com/modAL-python/modAL,"['https://github.com/modAL-python/modAL', 'https://github.com/grant-m-s/AstronomicAL']",modAL-python,modAL,modAL-python/modAL,RSD
Atlascine,https://research-software-directory.org/software/atlascine,https://github.com/geomedialab/atlascine,['https://github.com/geomedialab/atlascine'],geomedialab,atlascine,geomedialab/atlascine,RSD
AttentionLayer.jl,https://research-software-directory.org/software/attentionlayerjl,https://github.com/JuliaBesties/BestieTemplate.jl,"['https://github.com/JuliaBesties/BestieTemplate.jl', 'https://github.com/DEEPDIP-project/CoupledNODE.jl', 'https://github.com/DEEPDIP-project/AttentionLayer.jl']",JuliaBesties,BestieTemplate.jl,JuliaBesties/BestieTemplate.jl,RSD
Bacting,https://research-software-directory.org/software/bacting,https://github.com/egonw/bacting,['https://github.com/egonw/bacting'],egonw,bacting,egonw/bacting,RSD
Baklava,https://research-software-directory.org/software/baklava,https://github.com/NLeSC/baklava,['https://github.com/NLeSC/baklava'],NLeSC,baklava,NLeSC/baklava,RSD
haddock3-webapp,https://research-software-directory.org/software/bartended-haddock3,https://github.com/i-VRESSE/haddock3-webapp,['https://github.com/i-VRESSE/haddock3-webapp'],i-VRESSE,haddock3-webapp,i-VRESSE/haddock3-webapp,RSD
i-VRESSE bartender,https://research-software-directory.org/software/bartender,https://github.com/i-VRESSE/bartender,['https://github.com/i-VRESSE/bartender'],i-VRESSE,bartender,i-VRESSE/bartender,RSD
BenchmarkRecovery,https://research-software-directory.org/software/benchmarkrecovery,https://github.com/RETURN-project/BenchmarkRecovery,['https://github.com/RETURN-project/BenchmarkRecovery'],RETURN-project,BenchmarkRecovery,RETURN-project/BenchmarkRecovery,RSD
BestieTemplate.jl,https://research-software-directory.org/software/bestietemplatejl,https://github.com/NLeSC/python-template,"['https://github.com/TulipaEnergy/TulipaIO.jl', 'https://github.com/TulipaEnergy/TulipaEnergyModel.jl', 'https://github.com/JuliaBesties/BestieTemplate.jl', 'https://github.com/NLeSC/python-template', 'https://github.com/JuliaCI/PkgTemplates.jl']",NLeSC,python-template,NLeSC/python-template,RSD
Beyond the book,https://research-software-directory.org/software/beyond-the-book,https://github.com/c-martinez/BeyondTheBook,['https://github.com/c-martinez/BeyondTheBook'],c-martinez,BeyondTheBook,c-martinez/BeyondTheBook,RSD
BGC Viewer,https://research-software-directory.org/software/bgc-viewer,https://github.com/medema-group/bgc-viewer,['https://github.com/medema-group/bgc-viewer'],medema-group,bgc-viewer,medema-group/bgc-viewer,RSD
BIAS,https://research-software-directory.org/software/bias,https://github.com/Dvermetten/BIAS,['https://github.com/Dvermetten/BIAS'],Dvermetten,BIAS,Dvermetten/BIAS,RSD
BIOMERO,https://research-software-directory.org/software/biomero,https://github.com/ome/omero-cli-zarr,"['https://github.com/TorecLuik/slurm-scripts', 'https://github.com/NL-BioImaging/biomero-scripts/', 'https://github.com/ome/omero-cli-zarr', 'https://github.com/NL-BioImaging/biomero', 'https://github.com/TorecLuik/slurm-docker-cluster', 'https://github.com/Cellular-Imaging-Amsterdam-UMC/NL-BIOMERO', 'https://github.com/facebookincubator/submitit', 'https://github.com/Neubias-WG5/W_Template', 'https://github.com/NL-BioImaging/biomero-scripts', 'https://github.com/Cellular-Imaging-Amsterdam-UMC/OMERO.biomero']",ome,omero-cli-zarr,ome/omero-cli-zarr,RSD
bird-cloud-gnn,https://research-software-directory.org/software/bird-cloud-gnn,https://github.com/point-cloud-radar/bird-cloud-gnn,['https://github.com/point-cloud-radar/bird-cloud-gnn'],point-cloud-radar,bird-cloud-gnn,point-cloud-radar/bird-cloud-gnn,RSD
BlueObelisk Euclid,https://research-software-directory.org/software/blueobelisk-euclid,https://github.com/BlueObelisk/euclid,['https://github.com/BlueObelisk/euclid'],BlueObelisk,euclid,BlueObelisk/euclid,RSD
boatswain,https://research-software-directory.org/software/boatswain,https://github.com/NLeSC/boatswain,['https://github.com/NLeSC/boatswain'],NLeSC,boatswain,NLeSC/boatswain,RSD
BrainBrowser,https://research-software-directory.org/software/brainbrowser,https://github.com/aces/brainbrowser,"['https://github.com/aces/bigbrain-surface-viewer', 'https://github.com/aces/brainbrowser']",aces,brainbrowser,aces/brainbrowser,RSD
Brei,https://research-software-directory.org/software/brei,https://github.com/entangled/brei,['https://github.com/entangled/brei'],entangled,brei,entangled/brei,RSD
BridgeDb Java,https://research-software-directory.org/software/bridgedb-java,https://github.com/bridgedb/bridgedb,['https://github.com/bridgedb/bridgedb'],bridgedb,bridgedb,bridgedb/bridgedb,RSD
BridgeDb Webservice,https://research-software-directory.org/software/bridgedb-webservice,https://github.com/bridgedb/BridgeDbWebservice,['https://github.com/bridgedb/BridgeDbWebservice'],bridgedb,BridgeDbWebservice,bridgedb/BridgeDbWebservice,RSD
BridgeDbR,https://research-software-directory.org/software/bridgedbr,https://github.com/bridgedb/BridgeDbR,['https://github.com/bridgedb/BridgeDbR'],bridgedb,BridgeDbR,bridgedb/BridgeDbR,RSD
BroadLineRegions.jl,https://research-software-directory.org/software/broadlineregionsjl,https://github.com/kirklong/BroadLineRegions.jl,['https://github.com/kirklong/BroadLineRegions.jl'],kirklong,BroadLineRegions.jl,kirklong/BroadLineRegions.jl,RSD
byteparsing,https://research-software-directory.org/software/byteparsing,https://github.com/parallelwindfarms/byteparsing,['https://github.com/parallelwindfarms/byteparsing'],parallelwindfarms,byteparsing,parallelwindfarms/byteparsing,RSD
c3s-magic-wps,https://research-software-directory.org/software/c3s-magic-wps,https://github.com/c3s-magic/c3s-magic-wps,['https://github.com/c3s-magic/c3s-magic-wps'],c3s-magic,c3s-magic-wps,c3s-magic/c3s-magic-wps,RSD
Canadian Advanced Network for Astronomical Research (CANFAR),https://research-software-directory.org/software/canadian-advanced-network-for-astronomical-research-canfar,https://github.com/canfar/canfarproc,"['https://github.com/canfar/canfarproc', 'https://github.com/canfar/storage-prototype']",canfar,canfarproc,canfar/canfarproc,RSD
Canadian Writing Research Collaboratory (CWRC),https://research-software-directory.org/software/canadian-writing-research-collaboratory,https://github.com/cwrc/beta.cwrc.ca,['https://github.com/cwrc/beta.cwrc.ca'],cwrc,beta.cwrc.ca,cwrc/beta.cwrc.ca,RSD
CanDIG CHORD,https://research-software-directory.org/software/candig-chord,https://github.com/c3g/chord_singularity,['https://github.com/c3g/chord_singularity'],c3g,chord_singularity,c3g/chord_singularity,RSD
Carbon Budget Explorer (CABE),https://research-software-directory.org/software/carbon-budget-explorer-cabe,https://github.com/carbon-budget-explorer/cabe,['https://github.com/carbon-budget-explorer/cabe'],carbon-budget-explorer,cabe,carbon-budget-explorer/cabe,RSD
Case Law App,https://research-software-directory.org/software/case-law-app,https://github.com/NLeSC/case-law-app,['https://github.com/NLeSC/case-law-app'],NLeSC,case-law-app,NLeSC/case-law-app,RSD
caselawnet,https://research-software-directory.org/software/caselawanalytics,https://github.com/caselawanalytics/CaseLawAnalytics,['https://github.com/caselawanalytics/CaseLawAnalytics'],caselawanalytics,CaseLawAnalytics,caselawanalytics/CaseLawAnalytics,RSD
CAT,https://research-software-directory.org/software/cat,https://github.com/nlesc-nano/CAT,['https://github.com/nlesc-nano/CAT'],nlesc-nano,CAT,nlesc-nano/CAT,RSD
CBRAIN,https://research-software-directory.org/software/cbrain,https://github.com/aces/cbrain,['https://github.com/aces/cbrain'],aces,cbrain,aces/cbrain,RSD
ccglib,https://research-software-directory.org/software/ccglib,https://github.com/nlesc-recruit/ccglib,['https://github.com/nlesc-recruit/ccglib'],nlesc-recruit,ccglib,nlesc-recruit/ccglib,RSD
CDF2Medmij-Mapping-tool,https://research-software-directory.org/software/cdf2medmij-mapping-tool,https://github.com/MyDigiTwinNL/CDF2Medmij-Mapping-tool,['https://github.com/MyDigiTwinNL/CDF2Medmij-Mapping-tool'],MyDigiTwinNL,CDF2Medmij-Mapping-tool,MyDigiTwinNL/CDF2Medmij-Mapping-tool,RSD
Chemistry Development Kit,https://research-software-directory.org/software/cdk,https://github.com/cdk/cdk,['https://github.com/cdk/cdk'],cdk,cdk,cdk/cdk,RSD
Ceiba,https://research-software-directory.org/software/ceiba,https://github.com/nlesc-nano/ceiba,['https://github.com/nlesc-nano/ceiba'],nlesc-nano,ceiba,nlesc-nano/ceiba,RSD
ceiba-cli,https://research-software-directory.org/software/ceiba-cli,https://github.com/nlesc-nano/ceiba-cli,['https://github.com/nlesc-nano/ceiba-cli'],nlesc-nano,ceiba-cli,nlesc-nano/ceiba-cli,RSD
Cerise,https://research-software-directory.org/software/cerise,https://github.com/MD-Studio/cerise,['https://github.com/MD-Studio/cerise'],MD-Studio,cerise,MD-Studio/cerise,RSD
cerulean,https://research-software-directory.org/software/cerulean,https://github.com/NaturalHPC/cerulean,['https://github.com/NaturalHPC/cerulean'],NaturalHPC,cerulean,NaturalHPC/cerulean,RSD
Cesium-ncWMS,https://research-software-directory.org/software/cesium-ncwms,https://github.com/eWaterCycle/Cesium-NcWMS,['https://github.com/eWaterCycle/Cesium-NcWMS'],eWaterCycle,Cesium-NcWMS,eWaterCycle/Cesium-NcWMS,RSD
cffconvert,https://research-software-directory.org/software/cffconvert,https://github.com/citation-file-format/cff-converter-python,['https://github.com/citation-file-format/cff-converter-python'],citation-file-format,cff-converter-python,citation-file-format/cff-converter-python,RSD
cffconvert GitHub Action,https://research-software-directory.org/software/cffconvert-github-action,https://github.com/citation-file-format/cffconvert-github-action,['https://github.com/citation-file-format/cffconvert-github-action'],citation-file-format,cffconvert-github-action,citation-file-format/cffconvert-github-action,RSD
cffinit,https://research-software-directory.org/software/cffinit,https://github.com/citation-file-format/cff-initializer-javascript,['https://github.com/citation-file-format/cff-initializer-javascript'],citation-file-format,cff-initializer-javascript,citation-file-format/cff-initializer-javascript,RSD
Clustering Geo-data Cubes,https://research-software-directory.org/software/cgc,https://github.com/phenology/cgc,['https://github.com/phenology/cgc'],phenology,cgc,phenology/cgc,RSD
CHAMP-EU,https://research-software-directory.org/software/champ,https://github.com/TREX-CoE/qmckl,"['https://github.com/filippi-claudia/champ', 'https://github.com/neelravi/mpi-libfdf-parser', 'https://github.com/TREX-CoE/qmckl', 'https://github.com/TREX-CoE/trexio', 'https://github.com/TREX-CoE/trexio_tools']",TREX-CoE,qmckl,TREX-CoE/qmckl,RSD
check-deps,https://research-software-directory.org/software/check-deps,https://github.com/jhidding/check-deps,['https://github.com/jhidding/check-deps'],jhidding,check-deps,jhidding/check-deps,RSD
Chemical Analytics Platform,https://research-software-directory.org/software/chemical-analytics-platform,https://github.com/NLeSC/Chemical-Analytics-Platform,['https://github.com/NLeSC/Chemical-Analytics-Platform'],NLeSC,Chemical-Analytics-Platform,NLeSC/Chemical-Analytics-Platform,RSD
ChemSpaX: A Python tool for local chemical space exploration,https://research-software-directory.org/software/chemspax,https://github.com/EPiCs-group/chemspax,['https://github.com/EPiCs-group/chemspax'],EPiCs-group,chemspax,EPiCs-group/chemspax,RSD
ChemTools,https://research-software-directory.org/software/chemtools,https://github.com/theochem/chemtools,['https://github.com/theochem/chemtools'],theochem,chemtools,theochem/chemtools,RSD
chimp-classifier,https://research-software-directory.org/software/chimp-classifier,https://github.com/UtrechtUniversity/animal-sounds,['https://github.com/UtrechtUniversity/animal-sounds'],UtrechtUniversity,animal-sounds,UtrechtUniversity/animal-sounds,RSD
Citation File Format,https://research-software-directory.org/software/citation-file-format,https://github.com/citation-file-format/citation-file-format,['https://github.com/citation-file-format/citation-file-format'],citation-file-format,citation-file-format,citation-file-format/citation-file-format,RSD
citation.js,https://research-software-directory.org/software/citation-js,https://github.com/citation-js/citation-js,['https://github.com/citation-js/citation-js'],citation-js,citation-js,citation-js/citation-js,RSD
Cityblocks,https://research-software-directory.org/software/cityblocks,https://github.com/Urban-M4/cityblocks,['https://github.com/Urban-M4/cityblocks'],Urban-M4,cityblocks,Urban-M4/cityblocks,RSD
CLASS-web,https://research-software-directory.org/software/class-web,https://github.com/classmodel/class-web,['https://github.com/classmodel/class-web'],classmodel,class-web,classmodel/class-web,RSD
classmodel/form,https://research-software-directory.org/software/classmodelform,https://github.com/classmodel/class-web,['https://github.com/classmodel/class-web'],classmodel,class-web,classmodel/class-web,RSD
cleanX,https://research-software-directory.org/software/cleanx,https://github.com/drcandacemakedamoore/cleanX,['https://github.com/drcandacemakedamoore/cleanX'],drcandacemakedamoore,cleanX,drcandacemakedamoore/cleanX,RSD
Climate Rapid Evaluation Framework,https://research-software-directory.org/software/climate-rapid-evaluation-framework,https://github.com/Climate-REF/climate-ref,['https://github.com/Climate-REF/climate-ref'],Climate-REF,climate-ref,Climate-REF/climate-ref,RSD
ClinDIG,https://research-software-directory.org/software/clindig,https://github.com/CanDIG/CanDIGv2,"['https://github.com/CanDIG/CanDIGv2', 'https://github.com/data-team-uhn/clindig']",CanDIG,CanDIGv2,CanDIG/CanDIGv2,RSD
clumped-processing,https://research-software-directory.org/software/clumped-processing,https://github.com/UtrechtUniversity/clumped-processing,['https://github.com/UtrechtUniversity/clumped-processing'],UtrechtUniversity,clumped-processing,UtrechtUniversity/clumped-processing,RSD
clumpedr,https://research-software-directory.org/software/clumpedr,https://github.com/isoverse/clumpedr/,['https://github.com/isoverse/clumpedr/'],isoverse,clumpedr,isoverse/clumpedr,RSD
CMLXOM,https://research-software-directory.org/software/cmlxom,https://github.com/BlueObelisk/cmlxom,['https://github.com/BlueObelisk/cmlxom'],BlueObelisk,cmlxom,BlueObelisk/cmlxom,RSD
Code Auditor,https://research-software-directory.org/software/code-auditor,https://github.com/SS-NES/code-auditor,['https://github.com/SS-NES/code-auditor'],SS-NES,code-auditor,SS-NES/code-auditor,RSD
CoeusAI,https://research-software-directory.org/software/coeusai,https://github.com/DroneML/CoeusAI,['https://github.com/DroneML/CoeusAI'],DroneML,CoeusAI,DroneML/CoeusAI,RSD
Collens,https://research-software-directory.org/software/collens,https://github.com/collaite/collens,['https://github.com/collaite/collens'],collaite,collens,collaite/collens,RSD
compareMS2,https://research-software-directory.org/software/comparems2,https://github.com/524D/compareMS2,['https://github.com/524D/compareMS2'],524D,compareMS2,524D/compareMS2,RSD
Compas Toolkit,https://research-software-directory.org/software/compas-toolkit,https://github.com/NLeSC-COMPAS/compas-toolkit,['https://github.com/NLeSC-COMPAS/compas-toolkit'],NLeSC-COMPAS,compas-toolkit,NLeSC-COMPAS/compas-toolkit,RSD
Compass-school,https://research-software-directory.org/software/compass-school,https://github.com/ODISSEI-School-Choice/school-choice,['https://github.com/ODISSEI-School-Choice/school-choice'],ODISSEI-School-Choice,school-choice,ODISSEI-School-Choice/school-choice,RSD
ConvolutionalNeuralOperators.jl,https://research-software-directory.org/software/convolutionalneuraloperatorjl,https://github.com/DEEPDIP-project/CoupledNODE.jl,"['https://github.com/DEEPDIP-project/ConvolutionalNeuralOperator.jl', 'https://github.com/camlab-ethz/ConvolutionalNeuralOperator', 'https://github.com/DEEPDIP-project/CoupledNODE.jl', 'https://github.com/JuliaBesties/BestieTemplate.jl']",DEEPDIP-project,CoupledNODE.jl,DEEPDIP-project/CoupledNODE.jl,RSD
COPASI,https://research-software-directory.org/software/copasi,https://github.com/copasi/COPASI,['https://github.com/copasi/COPASI'],copasi,COPASI,copasi/COPASI,RSD
Cosimplat,https://research-software-directory.org/software/cosimplat,https://github.com/ESI-FAR/RESCUE-cosimplat-py,['https://github.com/ESI-FAR/RESCUE-cosimplat-py'],ESI-FAR,RESCUE-cosimplat-py,ESI-FAR/RESCUE-cosimplat-py,RSD
Cosmology.jl,https://research-software-directory.org/software/cosmologyjl,https://github.com/JuliaAstro/Cosmology.jl,['https://github.com/JuliaAstro/Cosmology.jl'],JuliaAstro,Cosmology.jl,JuliaAstro/Cosmology.jl,RSD
CoupledNODE,https://research-software-directory.org/software/couplednode,https://github.com/SciML/SciMLStyle,"['https://github.com/SciML/SciMLStyle', 'https://github.com/DEEPDIP-project/CoupledNODE.jl', 'https://github.com/DEEPDIP-project/AttentionLayer.jl', 'https://github.com/agdestein/IncompressibleNavierStokes.jl', 'https://github.com/DEEPDIP-project/ConvolutionalNeuralOperators.jl']",SciML,SciMLStyle,SciML/SciMLStyle,RSD
COVID-19 Integrated Surveillance Data in Italy,https://research-software-directory.org/software/covid-19-integrated-surveillance-data-in-italy,https://github.com/InPhyT/UnrollingAverages.jl,"['https://github.com/InPhyT/COVID19-Italy-Integrated-Surveillance-Data', 'https://github.com/InPhyT/UnrollingAverages.jl']",InPhyT,UnrollingAverages.jl,InPhyT/UnrollingAverages.jl,RSD
Cross-perspective Topic Modeling,https://research-software-directory.org/software/cptm,https://github.com/NLeSC/cptm,['https://github.com/NLeSC/cptm'],NLeSC,cptm,NLeSC/cptm,RSD
rcrisp,https://research-software-directory.org/software/crisp,https://github.com/CityRiverSpaces/CRiSp,['https://github.com/CityRiverSpaces/CRiSp'],CityRiverSpaces,CRiSp,CityRiverSpaces/CRiSp,RSD
CrowdED,https://research-software-directory.org/software/crowded,https://github.com/MaastrichtU-IDS/crowdED,['https://github.com/MaastrichtU-IDS/crowdED'],MaastrichtU-IDS,crowdED,MaastrichtU-IDS/crowdED,RSD
cudawrappers,https://research-software-directory.org/software/cudawrappers,https://github.com/nlesc-recruit/cudawrappers,"['https://github.com/nlesc-recruit/usage-example-git-submodules', 'https://github.com/nlesc-recruit/usage-example-locally-installed', 'https://github.com/nlesc-recruit/usage-example-cmake-pull', 'https://github.com/nlesc-recruit/cudawrappers']",nlesc-recruit,cudawrappers,nlesc-recruit/cudawrappers,RSD
cvasl,https://research-software-directory.org/software/cvasl,https://github.com/brainspinner/cvasl,['https://github.com/brainspinner/cvasl'],brainspinner,cvasl,brainspinner/cvasl,RSD
cwltool,https://research-software-directory.org/software/cwltool,https://github.com/common-workflow-language/cwltool,['https://github.com/common-workflow-language/cwltool'],common-workflow-language,cwltool,common-workflow-language/cwltool,RSD
CWRC-Writer,https://research-software-directory.org/software/cwrc-writer,https://github.com/cwrc/CWRC-WriterBase,['https://github.com/cwrc/CWRC-WriterBase'],cwrc,CWRC-WriterBase,cwrc/CWRC-WriterBase,RSD
DALES,https://research-software-directory.org/software/dales,https://github.com/dalesteam/dales,['https://github.com/dalesteam/dales'],dalesteam,dales,dalesteam/dales,RSD
Data Processing (What Works When for Whom),https://research-software-directory.org/software/dataprocessing,https://github.com/e-mental-health/data-processing,['https://github.com/e-mental-health/data-processing'],e-mental-health,data-processing,e-mental-health/data-processing,RSD
dCacheFS,https://research-software-directory.org/software/dcachefs,https://github.com/NLeSC-GO-common-infrastructure/dcachefs,['https://github.com/NLeSC-GO-common-infrastructure/dcachefs'],NLeSC-GO-common-infrastructure,dcachefs,NLeSC-GO-common-infrastructure/dcachefs,RSD
DeepRank,https://research-software-directory.org/software/deeprank,https://github.com/DeepRank/deeprank,['https://github.com/DeepRank/deeprank'],DeepRank,deeprank,DeepRank/deeprank,RSD
DeepRank2,https://research-software-directory.org/software/deeprankcore,https://github.com/DeepRank/deeprank,"['https://github.com/DeepRank/DeepRank-Mut', 'https://github.com/DeepRank/deeprank2', 'https://github.com/DeepRank/deeprank', 'https://github.com/DeepRank/Deeprank-GNN']",DeepRank,deeprank,DeepRank/deeprank,RSD
DeepRank GNN,https://research-software-directory.org/software/deeprankgnn,https://github.com/DeepRank/DeepRank-GNN,['https://github.com/DeepRank/DeepRank-GNN'],DeepRank,DeepRank-GNN,DeepRank/DeepRank-GNN,RSD
Democracy Datasets,https://research-software-directory.org/software/democracy-datasets,https://github.com/backdem/democracy-datasets,['https://github.com/backdem/democracy-datasets'],backdem,democracy-datasets,backdem/democracy-datasets,RSD
Democracy Scraping Tool,https://research-software-directory.org/software/democracy-scraping-tool,https://github.com/backdem/scrape-tool,['https://github.com/backdem/scrape-tool'],backdem,scrape-tool,backdem/scrape-tool,RSD
Democracy text classification,https://research-software-directory.org/software/democracy-text-classification,https://github.com/backdem/democracy-text-classification,['https://github.com/backdem/democracy-text-classification'],backdem,democracy-text-classification,backdem/democracy-text-classification,RSD
Democracy Topic Modelling,https://research-software-directory.org/software/democracy-topic-modelling,https://github.com/backdem/democracy-topic-model,['https://github.com/backdem/democracy-topic-model'],backdem,democracy-topic-model,backdem/democracy-topic-model,RSD
DG_RoomAcoustics,https://research-software-directory.org/software/dgroomacoustics,https://github.com/nschloe/meshio,"['https://github.com/Building-acoustics-TU-Eindhoven/edg-acoustics', 'https://github.com/audreyr/cookiecutter', 'https://github.com/nschloe/meshio', 'https://github.com/NLeSC/python-template']",nschloe,meshio,nschloe/meshio,RSD
dhdt,https://research-software-directory.org/software/dhdt,https://github.com/GO-Eratosthenes/dhdt,['https://github.com/GO-Eratosthenes/dhdt'],GO-Eratosthenes,dhdt,GO-Eratosthenes/dhdt,RSD
DIANNA,https://research-software-directory.org/software/dianna,https://github.com/dianna-ai/dianna,['https://github.com/dianna-ai/dianna'],dianna-ai,dianna,dianna-ai/dianna,RSD
Discuit,https://research-software-directory.org/software/discuit,https://github.com/audreyr/cookiecutter,"['https://github.com/doerte/discuit-project', 'https://github.com/audreyr/cookiecutter', 'https://github.com/NLeSC/python-template']",audreyr,cookiecutter,audreyr/cookiecutter,RSD
Distance explainer,https://research-software-directory.org/software/distance-explainer,https://github.com/audreyr/cookiecutter,"['https://github.com/dianna-ai/distance_explainer', 'https://github.com/audreyr/cookiecutter', 'https://github.com/NLeSC/python-template']",audreyr,cookiecutter,audreyr/cookiecutter,RSD
Dive,https://research-software-directory.org/software/dive,https://github.com/NLeSC/DiVE,['https://github.com/NLeSC/DiVE'],NLeSC,DiVE,NLeSC/DiVE,RSD
doc2sentences,https://research-software-directory.org/software/doc2sentences,https://github.com/audreyr/cookiecutter,"['https://github.com/audreyr/cookiecutter', 'https://github.com/backdem/doc2sentences', 'https://github.com/NLeSC/python-template']",audreyr,cookiecutter,audreyr/cookiecutter,RSD
DoE2Vec,https://research-software-directory.org/software/doe2vec,https://github.com/Basvanstein/doe2vec,['https://github.com/Basvanstein/doe2vec'],Basvanstein,doe2vec,Basvanstein/doe2vec,RSD
Drug named entity recognition,https://research-software-directory.org/software/drug-named-entity-recognition,https://github.com/fastdatascience/drug_named_entity_recognition,['https://github.com/fastdatascience/drug_named_entity_recognition'],fastdatascience,drug_named_entity_recognition,fastdatascience/drug_named_entity_recognition,RSD
DTBase,https://research-software-directory.org/software/dtbase,https://github.com/alan-turing-institute/CROP,"['https://github.com/alan-turing-institute/CROP', 'https://github.com/alan-turing-institute/DTBase']",alan-turing-institute,CROP,alan-turing-institute/CROP,RSD
dtscalibration,https://research-software-directory.org/software/dtscalibration,https://github.com/dtscalibration/python-dts-calibration,['https://github.com/dtscalibration/python-dts-calibration'],dtscalibration,python-dts-calibration,dtscalibration/python-dts-calibration,RSD
DumME,https://research-software-directory.org/software/dumme,https://github.com/manifoldai/merf,"['https://github.com/manifoldai/merf', 'https://github.com/phenology/dumme']",manifoldai,merf,manifoldai/merf,RSD
duqtools,https://research-software-directory.org/software/duqtools,https://github.com/duqtools/duqtools,['https://github.com/duqtools/duqtools'],duqtools,duqtools,duqtools/duqtools,RSD
e2e-Dutch,https://research-software-directory.org/software/e2edutch,https://github.com/kentonl/e2e-coref,"['https://github.com/Filter-Bubble/e2e-Dutch', 'https://github.com/kentonl/e2e-coref']",kentonl,e2e-coref,kentonl/e2e-coref,RSD
eAstroViz,https://research-software-directory.org/software/eastroviz,https://github.com/NLeSC/eAstroViz,['https://github.com/NLeSC/eAstroViz'],NLeSC,eAstroViz,NLeSC/eAstroViz,RSD
ece2cmor3,https://research-software-directory.org/software/ece2cmor3,https://github.com/EC-Earth/ece2cmor3,['https://github.com/EC-Earth/ece2cmor3'],EC-Earth,ece2cmor3,EC-Earth/ece2cmor3,RSD
eEcology Annotation Tool,https://research-software-directory.org/software/eecology-annotation,https://github.com/NLeSC/eEcology-Annotation-WS,['https://github.com/NLeSC/eEcology-Annotation-WS'],NLeSC,eEcology-Annotation-WS,NLeSC/eEcology-Annotation-WS,RSD
eEecology Classification,https://research-software-directory.org/software/eecology-classification,https://github.com/NLeSC/eEcology-Classification,['https://github.com/NLeSC/eEcology-Classification'],NLeSC,eEcology-Classification,NLeSC/eEcology-Classification,RSD
eEcology-SMS-reciever,https://research-software-directory.org/software/eecology-sms-reciever,https://github.com/NLeSC/eEcology-SMS-reciever,['https://github.com/NLeSC/eEcology-SMS-reciever'],NLeSC,eEcology-SMS-reciever,NLeSC/eEcology-SMS-reciever,RSD
eEcology Tracker calendar,https://research-software-directory.org/software/eecology-tracker-calendar,https://github.com/NLeSC/eEcology-script-wrapper,['https://github.com/NLeSC/eEcology-script-wrapper'],NLeSC,eEcology-script-wrapper,NLeSC/eEcology-script-wrapper,RSD
EEG epilepsy diagnosis,https://research-software-directory.org/software/eeg-epilepsy-diagnosis,https://github.com/NLeSC/EEG-epilepsy-diagnosis,['https://github.com/NLeSC/EEG-epilepsy-diagnosis'],NLeSC,EEG-epilepsy-diagnosis,NLeSC/EEG-epilepsy-diagnosis,RSD
EEG_age_prediction,https://research-software-directory.org/software/eegageprediction,https://github.com/eegyolk-ai/EEG_age_prediction,['https://github.com/eegyolk-ai/EEG_age_prediction'],eegyolk-ai,EEG_age_prediction,eegyolk-ai/EEG_age_prediction,RSD
Effort Sharing,https://research-software-directory.org/software/effort-sharing,https://github.com/imagepbl/effort-sharing,['https://github.com/imagepbl/effort-sharing'],imagepbl,effort-sharing,imagepbl/effort-sharing,RSD
Eigencuda,https://research-software-directory.org/software/eigencuda,https://github.com/NLESC-JCER/EigenCuda,['https://github.com/NLESC-JCER/EigenCuda'],NLESC-JCER,EigenCuda,NLESC-JCER/EigenCuda,RSD
eitprocessing,https://research-software-directory.org/software/eitprocessing,https://github.com/EIT-ALIVE/eitprocessing/,['https://github.com/EIT-ALIVE/eitprocessing/'],EIT-ALIVE,eitprocessing,EIT-ALIVE/eitprocessing,RSD
Emma,https://research-software-directory.org/software/emma,https://github.com/nlesc-sherlock/emma,['https://github.com/nlesc-sherlock/emma'],nlesc-sherlock,emma,nlesc-sherlock/emma,RSD
Emo-spectre,https://research-software-directory.org/software/emo-spectre,https://github.com/emrecdem/emo-spectre,['https://github.com/emrecdem/emo-spectre'],emrecdem,emo-spectre,emrecdem/emo-spectre,RSD
emvoice,https://research-software-directory.org/software/emvoice,https://github.com/mexca/emvoice,"['https://github.com/mexca/emvoice', 'https://github.com/audeering/opensmile/']",mexca,emvoice,mexca/emvoice,RSD
Entangled,https://research-software-directory.org/software/entangled,https://github.com/entangled/entangled.py,['https://github.com/entangled/entangled.py'],entangled,entangled.py,entangled/entangled.py,RSD
era5cli,https://research-software-directory.org/software/era5cli,https://github.com/ewatercycle/era5cli,['https://github.com/ewatercycle/era5cli'],ewatercycle,era5cli,ewatercycle/era5cli,RSD
Ersilia Model Hub,https://research-software-directory.org/software/ersilia-model-hub,https://github.com/psf/black,"['https://github.com/ersilia-os/eos-demo', 'https://github.com/psf/black', 'https://github.com/ersilia-os/ersilia', 'https://github.com/ersilia-os/eos-template']",psf,black,psf/black,RSD
ESMValCore,https://research-software-directory.org/software/esmvalcore,https://github.com/ESMValGroup/ESMValCore,['https://github.com/ESMValGroup/ESMValCore'],ESMValGroup,ESMValCore,ESMValGroup/ESMValCore,RSD
ESMValTool,https://research-software-directory.org/software/esmvaltool,https://github.com/ESMValGroup/ESMValTool,['https://github.com/ESMValGroup/ESMValTool'],ESMValGroup,ESMValTool,ESMValGroup/ESMValTool,RSD
Atlas of climate projections,https://research-software-directory.org/software/eucp-atlas,https://github.com/eucp-project/atlas,['https://github.com/eucp-project/atlas'],eucp-project,atlas,eucp-project/atlas,RSD
evidence,https://research-software-directory.org/software/evidence,https://github.com/ADAH-EviDENce/evidence,['https://github.com/ADAH-EviDENce/evidence'],ADAH-EviDENce,evidence,ADAH-EviDENce/evidence,RSD
ewatercycle,https://research-software-directory.org/software/ewatercycle,https://github.com/eWaterCycle/ewatercycle,['https://github.com/eWaterCycle/ewatercycle'],eWaterCycle,ewatercycle,eWaterCycle/ewatercycle,RSD
ewatercycle-hype,https://research-software-directory.org/software/ewatercycle-hype,https://github.com/eWaterCycle/ewatercycle-hype,['https://github.com/eWaterCycle/ewatercycle-hype'],eWaterCycle,ewatercycle-hype,eWaterCycle/ewatercycle-hype,RSD
eWatercycle SURF Research Cloud,https://research-software-directory.org/software/ewatercycle-infra,https://github.com/eWaterCycle/infra,['https://github.com/eWaterCycle/infra'],eWaterCycle,infra,eWaterCycle/infra,RSD
ewatercycle-lisflood,https://research-software-directory.org/software/ewatercycle-lisflood,https://github.com/eWaterCycle/ewatercycle-lisflood,['https://github.com/eWaterCycle/ewatercycle-lisflood'],eWaterCycle,ewatercycle-lisflood,eWaterCycle/ewatercycle-lisflood,RSD
ewatercycle-marrmot,https://research-software-directory.org/software/ewatercycle-marrmot,https://github.com/eWaterCycle/ewatercycle-marrmot/,['https://github.com/eWaterCycle/ewatercycle-marrmot/'],eWaterCycle,ewatercycle-marrmot,eWaterCycle/ewatercycle-marrmot,RSD
ewatercycle-pcrglobwb,https://research-software-directory.org/software/ewatercycle-pcrglobwb,https://github.com/eWaterCycle/ewatercycle-pcrglobwb,['https://github.com/eWaterCycle/ewatercycle-pcrglobwb'],eWaterCycle,ewatercycle-pcrglobwb,eWaterCycle/ewatercycle-pcrglobwb,RSD
ewatercycle-wflow,https://research-software-directory.org/software/ewatercycle-wflow,https://github.com/eWaterCycle/ewatercycle-wflow,['https://github.com/eWaterCycle/ewatercycle-wflow'],eWaterCycle,ewatercycle-wflow,eWaterCycle/ewatercycle-wflow,RSD
ewatercycle-wflowjl,https://research-software-directory.org/software/ewatercycle-wflowjl,https://github.com/eWaterCycle/ewatercycle-wflowjl,['https://github.com/eWaterCycle/ewatercycle-wflowjl'],eWaterCycle,ewatercycle-wflowjl,eWaterCycle/ewatercycle-wflowjl,RSD
eWaterLeaf,https://research-software-directory.org/software/ewaterleaf,https://github.com/eWaterCycle/eWaterleaf,['https://github.com/eWaterCycle/eWaterleaf'],eWaterCycle,eWaterleaf,eWaterCycle/eWaterleaf,RSD
Excel-to-fhir,https://research-software-directory.org/software/excel-to-fhir,https://github.com/nwo-strap/excel-to-fhir,['https://github.com/nwo-strap/excel-to-fhir'],nwo-strap,excel-to-fhir,nwo-strap/excel-to-fhir,RSD
EXCITED Machine Learning Workflow,https://research-software-directory.org/software/excited-workflow,https://github.com/EXCITED-CO2/excited-workflow,['https://github.com/EXCITED-CO2/excited-workflow'],EXCITED-CO2,excited-workflow,EXCITED-CO2/excited-workflow,RSD
Experiment Launcher,https://research-software-directory.org/software/experiment-launcher,https://github.com/eWaterCycle/experiment-launcher,['https://github.com/eWaterCycle/experiment-launcher'],eWaterCycle,experiment-launcher,eWaterCycle/experiment-launcher,RSD
Explainable embeddings,https://research-software-directory.org/software/explainable-embeddings,https://github.com/dianna-ai/explainable_embedding,['https://github.com/dianna-ai/explainable_embedding'],dianna-ai,explainable_embedding,dianna-ai/explainable_embedding,RSD
ExploreASL,https://research-software-directory.org/software/exploreasl,https://github.com/ExploreASL/ExploreASL,['https://github.com/ExploreASL/ExploreASL'],ExploreASL,ExploreASL,ExploreASL/ExploreASL,RSD
FAIR Data Point,https://research-software-directory.org/software/fairdatapoint,https://github.com/NLeSC/fairdatapoint,['https://github.com/NLeSC/fairdatapoint'],NLeSC,fairdatapoint,NLeSC/fairdatapoint,RSD
FAIR Data Point Client,https://research-software-directory.org/software/fairdatapoint-client,https://github.com/fair-data/fairdatapoint-client,['https://github.com/fair-data/fairdatapoint-client'],fair-data,fairdatapoint-client,fair-data/fairdatapoint-client,RSD
FAIRSECO,https://research-software-directory.org/software/fairseco,https://github.com/QDUNI/FairSECO,['https://github.com/QDUNI/FairSECO'],QDUNI,FairSECO,QDUNI/FairSECO,RSD
fairtally,https://research-software-directory.org/software/fairtally,https://github.com/fair-software/fairtally,['https://github.com/fair-software/fairtally'],fair-software,fairtally,fair-software/fairtally,RSD
fairworkflows,https://research-software-directory.org/software/fairworkflows,https://github.com/fair-workflows/fairworkflows,['https://github.com/fair-workflows/fairworkflows'],fair-workflows,fairworkflows,fair-workflows/fairworkflows,RSD
FastMLC,https://research-software-directory.org/software/fastmlc,https://github.com/FastMLC/fMLC,['https://github.com/FastMLC/fMLC'],FastMLC,fMLC,FastMLC/fMLC,RSD
FHIR to CAPACITY,https://research-software-directory.org/software/fhir-to-capacity,https://github.com/FAIR-data-for-CAPACITY/FHIR-to-CAPACITY,['https://github.com/FAIR-data-for-CAPACITY/FHIR-to-CAPACITY'],FAIR-data-for-CAPACITY,FHIR-to-CAPACITY,FAIR-data-for-CAPACITY/FHIR-to-CAPACITY,RSD
fieldcompare,https://research-software-directory.org/software/fieldcompare,https://github.com/psf/black,"['https://github.com/psf/black', 'https://github.com/nschloe/meshio', 'https://github.com/dglaeser/fieldcompare-action']",psf,black,psf/black,RSD
Lysander,https://research-software-directory.org/software/finding-journalists,https://github.com/online-behaviour/find-journalists,['https://github.com/online-behaviour/find-journalists'],online-behaviour,find-journalists,online-behaviour/find-journalists,RSD
flamingo,https://research-software-directory.org/software/flamingo,https://github.com/nlesc-nano/flamingo,['https://github.com/nlesc-nano/flamingo'],nlesc-nano,flamingo,nlesc-nano/flamingo,RSD
fm128-radar,https://research-software-directory.org/software/fm128-radar,https://github.com/ERA-URBAN/fm128_radar,"['https://github.com/ERA-URBAN/fm128_radar', 'https://github.com/ERA-URBAN/fm128_radar_knmi']",ERA-URBAN,fm128_radar,ERA-URBAN/fm128_radar,RSD
Forecasting the grid emission factor for the Netherlands,https://research-software-directory.org/software/forecasting-the-grid-emission-factor-for-the-netherlands,https://github.com/ESI-FAR/emissionfactor-nl,['https://github.com/ESI-FAR/emissionfactor-nl'],ESI-FAR,emissionfactor-nl,ESI-FAR/emissionfactor-nl,RSD
Davidson diagonalization in Fortran,https://research-software-directory.org/software/fortrandavidson,https://github.com/NLESC-JCER/Fortran_Davidson,['https://github.com/NLESC-JCER/Fortran_Davidson'],NLESC-JCER,Fortran_Davidson,NLESC-JCER/Fortran_Davidson,RSD
frbcat-web,https://research-software-directory.org/software/frbcat-web,https://github.com/aa-alert/frbcat-web,"['https://github.com/aa-alert/frbcat-web', 'https://github.com/AA-ALERT/frbcat-web']",aa-alert,frbcat-web,aa-alert/frbcat-web,RSD
frbcatdb,https://research-software-directory.org/software/frbcatdb,https://github.com/AA-ALERT/frbcatdb,['https://github.com/AA-ALERT/frbcatdb'],AA-ALERT,frbcatdb,AA-ALERT/frbcatdb,RSD
fsbrain,https://research-software-directory.org/software/fsbrain,https://github.com/dfsp-spirit/fsbrain,['https://github.com/dfsp-spirit/fsbrain'],dfsp-spirit,fsbrain,dfsp-spirit/fsbrain,RSD
GalerkinToolkit.jl,https://research-software-directory.org/software/galerkintoolkitjl,https://github.com/GalerkinToolkit/GalerkinToolkit.jl,['https://github.com/GalerkinToolkit/GalerkinToolkit.jl'],GalerkinToolkit,GalerkinToolkit.jl,GalerkinToolkit/GalerkinToolkit.jl,RSD
GameBus FHIR Layer,https://research-software-directory.org/software/gamebus-fhir-layer,https://github.com/nwo-strap/gamebus-fhir-layer,['https://github.com/nwo-strap/gamebus-fhir-layer'],nwo-strap,gamebus-fhir-layer,nwo-strap/gamebus-fhir-layer,RSD
gemdat,https://research-software-directory.org/software/gemdat,https://github.com/GEMDAT-repos/GEMDAT,['https://github.com/GEMDAT-repos/GEMDAT'],GEMDAT-repos,GEMDAT,GEMDAT-repos/GEMDAT,RSD
Geodisy,https://research-software-directory.org/software/geodisy,https://github.com/ubc-library/geodisy,['https://github.com/ubc-library/geodisy'],ubc-library,geodisy,ubc-library/geodisy,RSD
Geoflow visualizer,https://research-software-directory.org/software/geoflow-visualizer,https://github.com/geoflow-visualizer/geoflow-visualizer,['https://github.com/geoflow-visualizer/geoflow-visualizer'],geoflow-visualizer,geoflow-visualizer,geoflow-visualizer/geoflow-visualizer,RSD
Introduction to Geospatial Raster and Vector Data with Python,https://research-software-directory.org/software/geospatial-python,https://github.com/carpentries-incubator/geospatial-python,['https://github.com/carpentries-incubator/geospatial-python'],carpentries-incubator,geospatial-python,carpentries-incubator/geospatial-python,RSD
GGIR,https://research-software-directory.org/software/ggir,https://github.com/wadpac/GGIR,['https://github.com/wadpac/GGIR'],wadpac,GGIR,wadpac/GGIR,RSD
GitHub action to set up gRPC,https://research-software-directory.org/software/gh-action-set-up-grpc,https://github.com/eWaterCycle/setup-grpc,['https://github.com/eWaterCycle/setup-grpc'],eWaterCycle,setup-grpc,eWaterCycle/setup-grpc,RSD
GitHub action to set up singularity,https://research-software-directory.org/software/gh-action-set-up-singularity,https://github.com/eWaterCycle/setup-singularity,['https://github.com/eWaterCycle/setup-singularity'],eWaterCycle,setup-singularity,eWaterCycle/setup-singularity,RSD
Glotaran,https://research-software-directory.org/software/glotaran,https://github.com/glotaran/pyglotaran,"['https://github.com/glotaran/glotaran-legacy/', 'https://github.com/glotaran/pyglotaran']",glotaran,pyglotaran,glotaran/pyglotaran,RSD
GrainLearning,https://research-software-directory.org/software/grainlearning,https://github.com/GrainLearning/grainLearning,['https://github.com/GrainLearning/grainLearning'],GrainLearning,grainLearning,GrainLearning/grainLearning,RSD
GraphvizDotLang.jl,https://research-software-directory.org/software/graphvizdotlangjl,https://github.com/jhidding/GraphvizDotLang.jl,['https://github.com/jhidding/GraphvizDotLang.jl'],jhidding,GraphvizDotLang.jl,jhidding/GraphvizDotLang.jl,RSD
GridFormat,https://research-software-directory.org/software/gridformat,https://github.com/boost-ext/ut,"['https://github.com/boost-ext/ut', 'https://github.com/FEniCS/dolfinx', 'https://github.com/BlueBrain/HighFive']",boost-ext,ut,boost-ext/ut,RSD
grlc,https://research-software-directory.org/software/grlc,https://github.com/CLARIAH/grlc,['https://github.com/CLARIAH/grlc'],CLARIAH,grlc,CLARIAH/grlc,RSD
grpc4bmi,https://research-software-directory.org/software/grpc4bmi,https://github.com/eWaterCycle/grpc4bmi,['https://github.com/eWaterCycle/grpc4bmi'],eWaterCycle,grpc4bmi,eWaterCycle/grpc4bmi,RSD
GSA report,https://research-software-directory.org/software/gsa-report,https://github.com/Basvanstein/GSAreport,['https://github.com/Basvanstein/GSAreport'],Basvanstein,GSAreport,Basvanstein/GSAreport,RSD
H-gear,https://research-software-directory.org/software/h-gear,https://github.com/h-gear/revolution,['https://github.com/h-gear/revolution'],h-gear,revolution,h-gear/revolution,RSD
H2 scenario explorer,https://research-software-directory.org/software/h2-scenario-explorer,https://github.com/ESI-FAR/h2-scenario-explorer/,['https://github.com/ESI-FAR/h2-scenario-explorer/'],ESI-FAR,h2-scenario-explorer,ESI-FAR/h2-scenario-explorer,RSD
H2 scenario preprocessing,https://research-software-directory.org/software/h2-scenario-preprocessing,https://github.com/ESI-FAR/h2-scenario-preprocessing,['https://github.com/ESI-FAR/h2-scenario-preprocessing'],ESI-FAR,h2-scenario-preprocessing,ESI-FAR/h2-scenario-preprocessing,RSD
haddock3,https://research-software-directory.org/software/haddock3,https://github.com/haddocking/haddock3,['https://github.com/haddocking/haddock3'],haddocking,haddock3,haddocking/haddock3,RSD
Components for Haddock3 analysis,https://research-software-directory.org/software/haddock3-analysis-components,https://github.com/i-VRESSE/haddock3-analysis-components,['https://github.com/i-VRESSE/haddock3-analysis-components'],i-VRESSE,haddock3-analysis-components,i-VRESSE/haddock3-analysis-components,RSD
haddock3-ui,https://research-software-directory.org/software/haddock3-ui,https://github.com/i-VRESSE/haddock3-ui,"['https://github.com/i-VRESSE/haddock3-ui', 'https://github.com/i-VRESSE/haddock3-webapp']",i-VRESSE,haddock3-ui,i-VRESSE/haddock3-ui,RSD
Hadrianus scripts,https://research-software-directory.org/software/hadrianus-scripts,https://github.com/NLeSC/hadrianus-scripts,['https://github.com/NLeSC/hadrianus-scripts'],NLeSC,hadrianus-scripts,NLeSC/hadrianus-scripts,RSD
Harmony,https://research-software-directory.org/software/harmony,https://github.com/harmonydata/harmony,['https://github.com/harmonydata/harmony'],harmonydata,harmony,harmonydata/harmony,RSD
HERA_CAL_QUANTUM,https://research-software-directory.org/software/heracalquantum,https://github.com/HERA-Team/hera_qm,"['https://github.com/HERA-Team/hera_qm', 'https://github.com/QuantumRadioAstronomy/hera_cal_quantum', 'https://github.com/HERA-Team/hera_filters', 'https://github.com/HERA-Team/hera_opm/', 'https://github.com/HERA-Team/linsolve']",HERA-Team,hera_qm,HERA-Team/hera_qm,RSD
hhl-prototype,https://research-software-directory.org/software/hhl-prototype,https://github.com/quantumapplicationlab/hhl-prototype,['https://github.com/quantumapplicationlab/hhl-prototype'],quantumapplicationlab,hhl-prototype,quantumapplicationlab/hhl-prototype,RSD
holodev,https://research-software-directory.org/software/holodev,https://github.com/joenio/holodev,['https://github.com/joenio/holodev'],joenio,holodev,joenio/holodev,RSD
HORTON,https://research-software-directory.org/software/horton,https://github.com/theochem/horton/,['https://github.com/theochem/horton/'],theochem,horton,theochem/horton,RSD
howfairis,https://research-software-directory.org/software/howfairis,https://github.com/fair-software/howfairis,['https://github.com/fair-software/howfairis'],fair-software,howfairis,fair-software/howfairis,RSD
HPGEM,https://research-software-directory.org/software/hpgem,https://github.com/hpgem/hpgem,"['https://github.com/hpgem/nanomesh', 'https://github.com/hpgem/hpgem']",hpgem,hpgem,hpgem/hpgem,RSD
htr-quality-classifier,https://research-software-directory.org/software/htr-quality-classifier,https://github.com/audreyr/cookiecutter,"['https://github.com/laHTeR/htr-quality-classifier', 'https://github.com/natliblux/nautilusocr', 'https://github.com/LAHTeR/htr-quality-classifier', 'https://github.com/NLeSC/python-template', 'https://github.com/audreyr/cookiecutter']",audreyr,cookiecutter,audreyr/cookiecutter,RSD
HyperCanny,https://research-software-directory.org/software/hypercanny,https://github.com/abrupt-climate/hyper-canny,['https://github.com/abrupt-climate/hyper-canny'],abrupt-climate,hyper-canny,abrupt-climate/hyper-canny,RSD
hyphe,https://research-software-directory.org/software/hyphe,https://github.com/medialab/hyphe,['https://github.com/medialab/hyphe'],medialab,hyphe,medialab/hyphe,RSD
I-EMIC,https://research-software-directory.org/software/i-emic,https://github.com/erik808/jdqzpp,"['https://github.com/nlesc-smcm/easybuild', 'https://github.com/erik808/jdqzpp', 'https://github.com/nlesc-smcm/i-emic']",erik808,jdqzpp,erik808/jdqzpp,RSD
i-VRESSE workflow-builder,https://research-software-directory.org/software/i-vresse-workflow-builder,https://github.com/i-VRESSE/workflow-builder,['https://github.com/i-VRESSE/workflow-builder'],i-VRESSE,workflow-builder,i-VRESSE/workflow-builder,RSD
iBridges,https://research-software-directory.org/software/ibridges,https://github.com/UtrechtUniversity/iBridges,['https://github.com/UtrechtUniversity/iBridges'],UtrechtUniversity,iBridges,UtrechtUniversity/iBridges,RSD
iBridges-GUI,https://research-software-directory.org/software/ibridges-gui,https://github.com/iBridges-for-iRods/iBridges-GUI,['https://github.com/iBridges-for-iRods/iBridges-GUI'],iBridges-for-iRods,iBridges-GUI,iBridges-for-iRods/iBridges-GUI,RSD
ICD_GEMs.jl,https://research-software-directory.org/software/icdgems,https://github.com/JuliaHealth/ICD_GEMs.jl,"['https://github.com/JuliaHealth/ICD_GEMs.jl', 'https://github.com/JuliaData/DataFrames.jl', 'https://github.com/JuliaCollections/DataStructures.jl']",JuliaHealth,ICD_GEMs.jl,JuliaHealth/ICD_GEMs.jl,RSD
ICOS CP python library,https://research-software-directory.org/software/icos-cp-python-library,https://github.com/ICOS-Carbon-Portal/pylib,['https://github.com/ICOS-Carbon-Portal/pylib'],ICOS-Carbon-Portal,pylib,ICOS-Carbon-Portal/pylib,RSD
ICOS data repository,https://research-software-directory.org/software/icos-data-repository,https://github.com/ICOS-Carbon-Portal/meta,['https://github.com/ICOS-Carbon-Portal/meta'],ICOS-Carbon-Portal,meta,ICOS-Carbon-Portal/meta,RSD
IMAGE-LAND-LUE,https://research-software-directory.org/software/image-land-lue,https://github.com/UtrechtUniversity/IMAGE-LAND-LUE,['https://github.com/UtrechtUniversity/IMAGE-LAND-LUE'],UtrechtUniversity,IMAGE-LAND-LUE,UtrechtUniversity/IMAGE-LAND-LUE,RSD
imas2xarray,https://research-software-directory.org/software/imas2xarray,https://github.com/duqtools/imas2xarray,['https://github.com/duqtools/imas2xarray'],duqtools,imas2xarray,duqtools/imas2xarray,RSD
INA tool,https://research-software-directory.org/software/ina-tool,https://github.com/ESI-FAR/INA-tool,['https://github.com/ESI-FAR/INA-tool'],ESI-FAR,INA-tool,ESI-FAR/INA-tool,RSD
IncompressibleNavierStokes,https://research-software-directory.org/software/incompressiblenavierstokes,https://github.com/bsanderse/INS2D,"['https://github.com/bsanderse/INS2D', 'https://github.com/weymouth/WaterLily.jl/', 'https://github.com/JuliaTesting/Aqua.jl', 'https://github.com/Ferrite-FEM/Ferrite.jl', 'https://github.com/bsanderse/INS3D', 'https://github.com/trixi-framework/Trixi.jl', 'https://github.com/agdestein/DivergenceConsistency', 'https://github.com/gridap/Gridap.jl', 'https://github.com/CliMA/Oceananigans.jl', 'https://github.com/JuliaPlots/Makie.jl', 'https://github.com/CliMA/ClimaCore.jl', 'https://github.com/FourierFlows/FourierFlows.jl', 'https://github.com/agdestein/IncompressibleNavierStokes.jl']",bsanderse,INS2D,bsanderse/INS2D,RSD
infra-stemmus-scope,https://research-software-directory.org/software/infra-stemmus-scope,https://github.com/EcoExtreML/infra,['https://github.com/EcoExtreML/infra'],EcoExtreML,infra,EcoExtreML/infra,RSD
Inseq,https://research-software-directory.org/software/inseq,https://github.com/inseq-team/inseq,['https://github.com/inseq-team/inseq'],inseq-team,inseq,inseq-team/inseq,RSD
Internet Archive scraper,https://research-software-directory.org/software/internet-archive-scraper,https://github.com/UtrechtUniversity/ia-webscraping,['https://github.com/UtrechtUniversity/ia-webscraping'],UtrechtUniversity,ia-webscraping,UtrechtUniversity/ia-webscraping,RSD
Introduction to deep learning lesson,https://research-software-directory.org/software/introduction-to-deep-learning-lesson,https://github.com/carpentries-lab/deep-learning-intro/,"['https://github.com/carpentries-incubator/deep-learning-intro', 'https://github.com/carpentries-lab/deep-learning-intro/']",carpentries-lab,deep-learning-intro,carpentries-lab/deep-learning-intro,RSD
iReceptor Gateway,https://research-software-directory.org/software/ireceptor,https://github.com/sfu-ireceptor/config,"['https://github.com/sfu-ireceptor/config', 'https://github.com/sfu-ireceptor/dataloading-mongo', 'https://github.com/sfu-ireceptor/repository-mongodb', 'https://github.com/sfu-ireceptor/ireceptor-monitor', 'https://github.com/sfu-ireceptor/dataloading-curation', 'https://github.com/sfu-ireceptor/gateway', 'https://github.com/sfu-ireceptor/service-php-mongodb', 'https://github.com/sfu-ireceptor/turnkey-service-php']",sfu-ireceptor,config,sfu-ireceptor/config,RSD
IRIDA,https://research-software-directory.org/software/irida,https://github.com/phac-nml/irida,['https://github.com/phac-nml/irida'],phac-nml,irida,phac-nml/irida,RSD
ISAAC Chrome extension,https://research-software-directory.org/software/isaac-chrome-extension,https://github.com/citation-js/isaac-chrome-extension,['https://github.com/citation-js/isaac-chrome-extension'],citation-js,isaac-chrome-extension,citation-js/isaac-chrome-extension,RSD
iScore,https://research-software-directory.org/software/iscore,https://github.com/DeepRank/iScore,['https://github.com/DeepRank/iScore'],DeepRank,iScore,DeepRank/iScore,RSD
Islandora,https://research-software-directory.org/software/islandora,https://github.com/Islandora/islandora,['https://github.com/Islandora/islandora'],Islandora,islandora,Islandora/islandora,RSD
i-VRESSE jupyterlab haddock3 configurator,https://research-software-directory.org/software/ivresse-jupyterlab-haddock3-configurator,https://github.com/i-VRESSE/jupyterlab-haddock3-configurator,['https://github.com/i-VRESSE/jupyterlab-haddock3-configurator'],i-VRESSE,jupyterlab-haddock3-configurator,i-VRESSE/jupyterlab-haddock3-configurator,RSD
JASP modules app,https://research-software-directory.org/software/jasp-modules-app,https://github.com/jasp-stats-modules/modules-app,['https://github.com/jasp-stats-modules/modules-app'],jasp-stats-modules,modules-app,jasp-stats-modules/modules-app,RSD
jaspProcess,https://research-software-directory.org/software/jaspprocess,https://github.com/jasp-stats/jaspProcess,['https://github.com/jasp-stats/jaspProcess'],jasp-stats,jaspProcess,jasp-stats/jaspProcess,RSD
JUBE,https://research-software-directory.org/software/jube,https://github.com/FZJ-JSC/JUBE,['https://github.com/FZJ-JSC/JUBE'],FZJ-JSC,JUBE,FZJ-JSC/JUBE,RSD
JupyterDaskOnSLURM,https://research-software-directory.org/software/jupyterdaskonslurm,https://github.com/RS-DAT/JupyterDaskOnSLURM,['https://github.com/RS-DAT/JupyterDaskOnSLURM'],RS-DAT,JupyterDaskOnSLURM,RS-DAT/JupyterDaskOnSLURM,RSD
JupyterLab dataset browser for THREDDS,https://research-software-directory.org/software/jupyterlab-thredds,https://github.com/eWaterCycle/jupyterlab_thredds,['https://github.com/eWaterCycle/jupyterlab_thredds'],eWaterCycle,jupyterlab_thredds,eWaterCycle/jupyterlab_thredds,RSD
JURI,https://research-software-directory.org/software/juri,https://github.com/FZJ-JSC/JURI,['https://github.com/FZJ-JSC/JURI'],FZJ-JSC,JURI,FZJ-JSC/JURI,RSD
Kernel Float,https://research-software-directory.org/software/kernel-float,https://github.com/KernelTuner/kernel_float,['https://github.com/KernelTuner/kernel_float'],KernelTuner,kernel_float,KernelTuner/kernel_float,RSD
Kernel Launcher,https://research-software-directory.org/software/kernel-launcher,https://github.com/KernelTuner/kernel_launcher,['https://github.com/KernelTuner/kernel_launcher'],KernelTuner,kernel_launcher,KernelTuner/kernel_launcher,RSD
Kernel Tuner,https://research-software-directory.org/software/kernel-tuner,https://github.com/benvanwerkhoven/KM3Net,"['https://github.com/benvanwerkhoven/GPUGaussTransform', 'https://github.com/benvanwerkhoven/expdist', 'https://github.com/JungleComputing/common-source-identification-desktop', 'https://github.com/benvanwerkhoven/KM3Net', 'https://github.com/KernelTuner/kernel_tuner']",benvanwerkhoven,KM3Net,benvanwerkhoven/KM3Net,RSD
KMM,https://research-software-directory.org/software/kmm,https://github.com/NLeSC-COMPAS/kmm,['https://github.com/NLeSC-COMPAS/kmm'],NLeSC-COMPAS,kmm,NLeSC-COMPAS/kmm,RSD
KNIME node archetype,https://research-software-directory.org/software/knime-archetype,https://github.com/3D-e-Chem/tycho-knime-node-archetype,['https://github.com/3D-e-Chem/tycho-knime-node-archetype'],3D-e-Chem,tycho-knime-node-archetype,3D-e-Chem/tycho-knime-node-archetype,RSD
KNIME GPCRdb nodes,https://research-software-directory.org/software/knime-gpcrdb,https://github.com/3D-e-Chem/knime-gpcrdb,['https://github.com/3D-e-Chem/knime-gpcrdb'],3D-e-Chem,knime-gpcrdb,3D-e-Chem/knime-gpcrdb,RSD
KLIFS KNIME nodes,https://research-software-directory.org/software/knime-klifs,https://github.com/3D-e-Chem/knime-klifs,['https://github.com/3D-e-Chem/knime-klifs'],3D-e-Chem,knime-klifs,3D-e-Chem/knime-klifs,RSD
KNIME node for Kripo,https://research-software-directory.org/software/knime-kripodb,https://github.com/3D-e-Chem/knime-kripodb,['https://github.com/3D-e-Chem/knime-kripodb'],3D-e-Chem,knime-kripodb,3D-e-Chem/knime-kripodb,RSD
KNIME molecule viewer nodes,https://research-software-directory.org/software/knime-molviewer,https://github.com/3D-e-Chem/knime-molviewer,['https://github.com/3D-e-Chem/knime-molviewer'],3D-e-Chem,knime-molviewer,3D-e-Chem/knime-molviewer,RSD
KNIME ss-TEA node,https://research-software-directory.org/software/knime-sstea,https://github.com/3D-e-Chem/knime-sstea,['https://github.com/3D-e-Chem/knime-sstea'],3D-e-Chem,knime-sstea,3D-e-Chem/knime-sstea,RSD
KNIME Testflow,https://research-software-directory.org/software/knime-testflow,https://github.com/3D-e-Chem/knime-testflow,['https://github.com/3D-e-Chem/knime-testflow'],3D-e-Chem,knime-testflow,3D-e-Chem/knime-testflow,RSD
kunefe,https://research-software-directory.org/software/kunefe,https://github.com/mess-nlesc/kunefe,"['https://github.com/pre-commit/pre-commit', 'https://github.com/audreyr/cookiecutter', 'https://github.com/mess-nlesc/kunefe', 'https://github.com/NLeSC/python-template']",mess-nlesc,kunefe,mess-nlesc/kunefe,RSD
laserchicken,https://research-software-directory.org/software/laserchicken,https://github.com/eEcoLiDAR/laserchicken,['https://github.com/eEcoLiDAR/laserchicken'],eEcoLiDAR,laserchicken,eEcoLiDAR/laserchicken,RSD
Laserfarm,https://research-software-directory.org/software/laserfarm,https://github.com/eEcoLiDAR/Laserfarm,['https://github.com/eEcoLiDAR/Laserfarm'],eEcoLiDAR,Laserfarm,eEcoLiDAR/Laserfarm,RSD
leakybucket,https://research-software-directory.org/software/leakybucket,https://github.com/eWaterCycle/leakybucket-bmi,['https://github.com/eWaterCycle/leakybucket-bmi'],eWaterCycle,leakybucket-bmi,eWaterCycle/leakybucket-bmi,RSD
LifelinesCSV2CDF,https://research-software-directory.org/software/lifelinescsv2cdf,https://github.com/MyDigiTwinNL/LifelinesCSV2CDF,['https://github.com/MyDigiTwinNL/LifelinesCSV2CDF'],MyDigiTwinNL,LifelinesCSV2CDF,MyDigiTwinNL/LifelinesCSV2CDF,RSD
Lightning,https://research-software-directory.org/software/lightning,https://github.com/lightning-project/lightning,['https://github.com/lightning-project/lightning'],lightning-project,lightning,lightning-project/lightning,RSD
Lilio,https://research-software-directory.org/software/lilio,https://github.com/AI4S2S/lilio,['https://github.com/AI4S2S/lilio'],AI4S2S,lilio,AI4S2S/lilio,RSD
LimeSurvey,https://research-software-directory.org/software/limesurvey,https://github.com/LimeSurvey/LimeSurvey,['https://github.com/LimeSurvey/LimeSurvey'],LimeSurvey,LimeSurvey,LimeSurvey/LimeSurvey,RSD
LitStudy,https://research-software-directory.org/software/litstudy,https://github.com/NLeSC/litstudy/,['https://github.com/NLeSC/litstudy/'],NLeSC,litstudy,NLeSC/litstudy,RSD
LLview,https://research-software-directory.org/software/llview,https://github.com/FZJ-JSC/LLview,['https://github.com/FZJ-JSC/LLview'],FZJ-JSC,LLview,FZJ-JSC/LLview,RSD
lofar-ld,https://research-software-directory.org/software/lofar-linked-data-platform,https://github.com/EOSC-LOFAR/lofar-ld,['https://github.com/EOSC-LOFAR/lofar-ld'],EOSC-LOFAR,lofar-ld,EOSC-LOFAR/lofar-ld,RSD
Lofar Predictive Maintenance,https://research-software-directory.org/software/lofar-predictive-maintenance,https://github.com/NLeSC/lofar-predictive-maintenance,['https://github.com/NLeSC/lofar-predictive-maintenance'],NLeSC,lofar-predictive-maintenance,NLeSC/lofar-predictive-maintenance,RSD
Lokum,https://research-software-directory.org/software/lokum,https://github.com/NLeSC/lokum,['https://github.com/NLeSC/lokum'],NLeSC,lokum,NLeSC/lokum,RSD
LombScargle.jl,https://research-software-directory.org/software/lombscarglejl,https://github.com/JuliaAstro/LombScargle.jl,['https://github.com/JuliaAstro/LombScargle.jl'],JuliaAstro,LombScargle.jl,JuliaAstro/LombScargle.jl,RSD
LORIS,https://research-software-directory.org/software/loris,https://github.com/aces/Loris,['https://github.com/aces/Loris'],aces,Loris,aces/Loris,RSD
LUE,https://research-software-directory.org/software/lue,https://github.com/computationalgeography/lue,['https://github.com/computationalgeography/lue'],computationalgeography,lue,computationalgeography/lue,RSD
LXCat,https://research-software-directory.org/software/lxcat,https://github.com/LXCat-project/LXCat,['https://github.com/LXCat-project/LXCat'],LXCat-project,LXCat,LXCat-project/LXCat,RSD
m4ma,https://research-software-directory.org/software/m4ma,https://github.com/m4ma/m4ma,"['https://github.com/m4ma/m4ma', 'https://github.com/CharlotteTanis/predped']",m4ma,m4ma,m4ma/m4ma,RSD
Magic Castle,https://research-software-directory.org/software/magic-castle,https://github.com/ComputeCanada/magic_castle,['https://github.com/ComputeCanada/magic_castle'],ComputeCanada,magic_castle,ComputeCanada/magic_castle,RSD
MAGMa,https://research-software-directory.org/software/magma,https://github.com/NLeSC/MAGMa,['https://github.com/NLeSC/MAGMa'],NLeSC,MAGMa,NLeSC/MAGMa,RSD
Mahiru,https://research-software-directory.org/software/mahiru,https://github.com/SecConNet/mahiru,['https://github.com/SecConNet/mahiru'],SecConNet,mahiru,SecConNet/mahiru,RSD
MapReader,https://research-software-directory.org/software/mapreader,https://github.com/Living-with-machines/MapReader,"['https://github.com/Living-with-machines/MapReader', 'https://github.com/maps-as-data/MapReader-examples']",Living-with-machines,MapReader,Living-with-machines/MapReader,RSD
marzipan,https://research-software-directory.org/software/marzipan,https://github.com/NLeSC-GO-common-infrastructure/marzipan,['https://github.com/NLeSC-GO-common-infrastructure/marzipan'],NLeSC-GO-common-infrastructure,marzipan,NLeSC-GO-common-infrastructure/marzipan,RSD
Massive PotreeConverter,https://research-software-directory.org/software/massivepotreeconverter,https://github.com/NLeSC/Massive-PotreeConverter,['https://github.com/NLeSC/Massive-PotreeConverter'],NLeSC,Massive-PotreeConverter,NLeSC/Massive-PotreeConverter,RSD
matchms,https://research-software-directory.org/software/matchms,https://github.com/matchms/matchms,['https://github.com/matchms/matchms'],matchms,matchms,matchms/matchms,RSD
mcfly,https://research-software-directory.org/software/mcfly,https://github.com/NLeSC/mcfly,"['https://github.com/NLeSC/mcfly-tutorial', 'https://github.com/NLeSC/mcfly', 'https://github.com/NLeSC/mcfly/']",NLeSC,mcfly,NLeSC/mcfly,RSD
MDStudio,https://research-software-directory.org/software/mdstudio,https://github.com/MD-Studio/MDStudio,['https://github.com/MD-Studio/MDStudio'],MD-Studio,MDStudio,MD-Studio/MDStudio,RSD
Measurements.jl,https://research-software-directory.org/software/measurementsjl,https://github.com/JuliaPhysics/Measurements.jl,['https://github.com/JuliaPhysics/Measurements.jl'],JuliaPhysics,Measurements.jl,JuliaPhysics/Measurements.jl,RSD
Medical Image Processing in Python,https://research-software-directory.org/software/medical-image-processing-in-python,https://github.com/carpentries-incubator/medical-image-processing,['https://github.com/carpentries-incubator/medical-image-processing'],carpentries-incubator,medical-image-processing,carpentries-incubator/medical-image-processing,RSD
mexca,https://research-software-directory.org/software/mexca,https://github.com/mexca/mexca,['https://github.com/mexca/mexca'],mexca,mexca,mexca/mexca,RSD
mibibio,https://research-software-directory.org/software/mibibio,https://github.com/MiBiPreT/mibibio,['https://github.com/MiBiPreT/mibibio'],MiBiPreT,mibibio,MiBiPreT/mibibio,RSD
mibiremo,https://research-software-directory.org/software/mibiremo,https://github.com/MiBiPret/mibiremo,['https://github.com/MiBiPret/mibiremo'],MiBiPret,mibiremo,MiBiPret/mibiremo,RSD
mibiscreen,https://research-software-directory.org/software/mibiscreen,https://github.com/MiBiPreT/mibiscreen,['https://github.com/MiBiPreT/mibiscreen'],MiBiPreT,mibiscreen,MiBiPreT/mibiscreen,RSD
mibitrans,https://research-software-directory.org/software/mibitrans,https://github.com/MiBiPreT/anatrans,['https://github.com/MiBiPreT/anatrans'],MiBiPreT,anatrans,MiBiPreT/anatrans,RSD
Mimetic Operators Library Enhanced (MOLE),https://research-software-directory.org/software/mimetic-operators-library-enhanced-mole,https://github.com/csrc-sdsu/mole,['https://github.com/csrc-sdsu/mole'],csrc-sdsu,mole,csrc-sdsu/mole,RSD
minimism,https://research-software-directory.org/software/minimism,https://github.com/IMAU-paleo/minimism,['https://github.com/IMAU-paleo/minimism'],IMAU-paleo,minimism,IMAU-paleo/minimism,RSD
Mixed Meal Model SBML,https://research-software-directory.org/software/mixed-meal-model-sbml,https://github.com/max-de-rooij/MealModel.jl,"['https://github.com/Computational-Biology-TUe/mixed_meal_model_sbml', 'https://github.com/max-de-rooij/MealModel.jl']",max-de-rooij,MealModel.jl,max-de-rooij/MealModel.jl,RSD
mkdocs rich argparse,https://research-software-directory.org/software/mkdocs-rich-argparse,https://github.com/i-VRESSE/mkdocs_rich_argparse,['https://github.com/i-VRESSE/mkdocs_rich_argparse'],i-VRESSE,mkdocs_rich_argparse,i-VRESSE/mkdocs_rich_argparse,RSD
MMSODA Toolbox for MATLAB,https://research-software-directory.org/software/mmsoda-toolbox-for-matlab,https://github.com/NLeSC/esibayes,['https://github.com/NLeSC/esibayes'],NLeSC,esibayes,NLeSC/esibayes,RSD
MOTrainer,https://research-software-directory.org/software/motrainer,https://github.com/audreyr/cookiecutter,"['https://github.com/audreyr/cookiecutter', 'https://github.com/VegeWaterDynamics/motrainer', 'https://github.com/NLeSC/python-template']",audreyr,cookiecutter,audreyr/cookiecutter,RSD
Motus Wildlife Tracking System,https://research-software-directory.org/software/motus-wildlife-tracking-system,https://github.com/MotusWTS/motus,['https://github.com/MotusWTS/motus'],MotusWTS,motus,MotusWTS/motus,RSD
MPET,https://research-software-directory.org/software/mpet,https://github.com/TRI-AMDD/mpet,['https://github.com/TRI-AMDD/mpet'],TRI-AMDD,mpet,TRI-AMDD/mpet,RSD
MPI.jl,https://research-software-directory.org/software/mpijl,https://github.com/JuliaParallel/MPI.jl,['https://github.com/JuliaParallel/MPI.jl'],JuliaParallel,MPI.jl,JuliaParallel/MPI.jl,RSD
MS2DeepScore,https://research-software-directory.org/software/ms2deepscore,https://github.com/matchms/ms2deepscore,['https://github.com/matchms/ms2deepscore'],matchms,ms2deepscore,matchms/ms2deepscore,RSD
MultilayerGraphs.jl,https://research-software-directory.org/software/multilayergraphs,https://github.com/JuliaGraphs/Graphs.jl,"['https://github.com/JuliaGraphs/Graphs.jl', 'https://github.com/JuliaDynamics/Agents.jl', 'https://github.com/JuliaGraphs/MultilayerGraphs.jl']",JuliaGraphs,Graphs.jl,JuliaGraphs/Graphs.jl,RSD
MUSCLE3,https://research-software-directory.org/software/muscle3,https://github.com/multiscale/muscle3,"['https://github.com/multiscale/ymmsl-python', 'https://github.com/multiscale/muscle3']",multiscale,muscle3,multiscale/muscle3,RSD
mzRecal,https://research-software-directory.org/software/mzrecal,https://github.com/524D/mzrecal,['https://github.com/524D/mzrecal'],524D,mzrecal,524D/mzrecal,RSD
nanomesh,https://research-software-directory.org/software/nanomesh,https://github.com/hpgem/nanomesh,['https://github.com/hpgem/nanomesh'],hpgem,nanomesh,hpgem/nanomesh,RSD
nanopub,https://research-software-directory.org/software/nanopub,https://github.com/fair-workflows/nanopub,['https://github.com/fair-workflows/nanopub'],fair-workflows,nanopub,fair-workflows/nanopub,RSD
NanopubJL,https://research-software-directory.org/software/nanopubjl,https://github.com/fair-workflows/NanopubJL,['https://github.com/fair-workflows/NanopubJL'],fair-workflows,NanopubJL,fair-workflows/NanopubJL,RSD
Nature Counts,https://research-software-directory.org/software/nature-counts,https://github.com/BirdsCanada/naturecounts,['https://github.com/BirdsCanada/naturecounts'],BirdsCanada,naturecounts,BirdsCanada/naturecounts,RSD
NEBULA,https://research-software-directory.org/software/nebula,https://github.com/esciencecenter-digital-skills/NEBULA,"['https://github.com/esciencecenter-digital-skills/NEBULA', 'https://github.com/esciencecenter-digital-skills/NEBULA-docs', 'https://github.com/esciencecenter-digital-skills/NEBULA-content-template']",esciencecenter-digital-skills,NEBULA,esciencecenter-digital-skills/NEBULA,RSD
nedextract,https://research-software-directory.org/software/nedextract,https://github.com/Transparency-in-the-non-profit-sector/nedextract,['https://github.com/Transparency-in-the-non-profit-sector/nedextract'],Transparency-in-the-non-profit-sector,nedextract,Transparency-in-the-non-profit-sector/nedextract,RSD
NetCDF2LittleR,https://research-software-directory.org/software/netcdf2littler,https://github.com/ERA-URBAN/netcdf2littler,['https://github.com/ERA-URBAN/netcdf2littler'],ERA-URBAN,netcdf2littler,ERA-URBAN/netcdf2littler,RSD
NeuroGym,https://research-software-directory.org/software/neurogym,https://github.com/openai/gym,"['https://github.com/neurogym/neurogym/', 'https://github.com/Stable-Baselines-Team/stable-baselines3-contrib', 'https://github.com/openai/gym']",openai,gym,openai/gym,RSD
NEWSGAC platform,https://research-software-directory.org/software/newsgac-platform,https://github.com/newsgac/platform,['https://github.com/newsgac/platform'],newsgac,platform,newsgac/platform,RSD
Netherlands eScience Center Python Template,https://research-software-directory.org/software/nlesc-python-template,https://github.com/NLeSC/python-template,['https://github.com/NLeSC/python-template'],NLeSC,python-template,NLeSC/python-template,RSD
nlppln,https://research-software-directory.org/software/nlppln,https://github.com/nlppln/nlppln,['https://github.com/nlppln/nlppln'],nlppln,nlppln,nlppln/nlppln,RSD
NNPDF,https://research-software-directory.org/software/nnpdf,https://github.com/NNPDF/nnpdf,['https://github.com/NNPDF/nnpdf'],NNPDF,nnpdf,NNPDF/nnpdf,RSD
Noodles,https://research-software-directory.org/software/noodles,https://github.com/NLeSC/noodles,['https://github.com/NLeSC/noodles'],NLeSC,noodles,NLeSC/noodles,RSD
NPLinker,https://research-software-directory.org/software/nplinker,https://github.com/NPLinker/nplinker,['https://github.com/NPLinker/nplinker'],NPLinker,nplinker,NPLinker/nplinker,RSD
NPLinker Web Application,https://research-software-directory.org/software/nplinker-webapp,https://github.com/NPLinker/nplinker-webapp,['https://github.com/NPLinker/nplinker-webapp'],NPLinker,nplinker-webapp,NPLinker/nplinker-webapp,RSD
Nunaliit,https://research-software-directory.org/software/nunaliit,https://github.com/GCRC/nunaliit,['https://github.com/GCRC/nunaliit'],GCRC,nunaliit,GCRC/nunaliit,RSD
OBiBa Agate,https://research-software-directory.org/software/obiba-agate,https://github.com/obiba/agate,['https://github.com/obiba/agate'],obiba,agate,obiba/agate,RSD
OBiBa Mica,https://research-software-directory.org/software/obiba-mica,https://github.com/obiba/mica2,['https://github.com/obiba/mica2'],obiba,mica2,obiba/mica2,RSD
OBiBa Opal,https://research-software-directory.org/software/obiba-opal,https://github.com/obiba/opal,['https://github.com/obiba/opal'],obiba,opal,obiba/opal,RSD
ochre,https://research-software-directory.org/software/ochre,https://github.com/KBNLresearch/ochre,['https://github.com/KBNLresearch/ochre'],KBNLresearch,ochre,KBNLresearch/ochre,RSD
OCTSEG,https://research-software-directory.org/software/octseg,https://github.com/NLeSC/OCTSegmentation,['https://github.com/NLeSC/OCTSegmentation'],NLeSC,OCTSegmentation,NLeSC/OCTSegmentation,RSD
OMUSE,https://research-software-directory.org/software/omuse,https://github.com/omuse-geoscience/omuse,['https://github.com/omuse-geoscience/omuse'],omuse-geoscience,omuse,omuse-geoscience/omuse,RSD
One button compute,https://research-software-directory.org/software/one-button-compute,https://github.com/surf-eds/one-button-compute,['https://github.com/surf-eds/one-button-compute'],surf-eds,one-button-compute,surf-eds/one-button-compute,RSD
Hercules,https://research-software-directory.org/software/online-behaviour-machine-learning,https://github.com/online-behaviour/machine-learning,['https://github.com/online-behaviour/machine-learning'],online-behaviour,machine-learning,online-behaviour/machine-learning,RSD
Open Computational Multiphysics,https://research-software-directory.org/software/open-computational-multiphysics,https://github.com/uw-comphys/opencmp,['https://github.com/uw-comphys/opencmp'],uw-comphys,opencmp,uw-comphys/opencmp,RSD
Open Matrices Stimulus Set (omss),https://research-software-directory.org/software/open-matrices-stimulus-set-omss,https://github.com/shlomenu/raven-gen,"['https://github.com/aranvhout/OMSS_generator', 'https://github.com/shlomenu/raven-gen']",shlomenu,raven-gen,shlomenu/raven-gen,RSD
OpenChrom,https://research-software-directory.org/software/openchrom,https://github.com/openchrom/openchrom,['https://github.com/openchrom/openchrom'],openchrom,openchrom,openchrom/openchrom,RSD
OpenDA,https://research-software-directory.org/software/openda,https://github.com/OpenDA-Association/OpenDA,['https://github.com/OpenDA-Association/OpenDA'],OpenDA-Association,OpenDA,OpenDA-Association/OpenDA,RSD
OpenMS,https://research-software-directory.org/software/openms,https://github.com/OpenMS/OpenMS,['https://github.com/OpenMS/OpenMS'],OpenMS,OpenMS,OpenMS/OpenMS,RSD
OpenPNM,https://research-software-directory.org/software/openpnm,https://github.com/OpenMS/OpenMS,['https://github.com/OpenMS/OpenMS'],OpenMS,OpenMS,OpenMS/OpenMS,RSD
openPSTD,https://research-software-directory.org/software/openpstd,https://github.com/openPSTD/openPSTD,['https://github.com/openPSTD/openPSTD'],openPSTD,openPSTD,openPSTD/openPSTD,RSD
OpenSim Creator,https://research-software-directory.org/software/opensim-creator,https://github.com/opensim-org/opensim-core,"['https://github.com/opensim-org/opensim-core', 'https://github.com/ComputationalBiomechanicsLab/opensim-creator']",opensim-org,opensim-core,opensim-org/opensim-core,RSD
Orange3 Argument Mining Add-on,https://research-software-directory.org/software/orange3-argument-add-on,https://github.com/EyeofBeholder-NLeSC/orange3-argument,['https://github.com/EyeofBeholder-NLeSC/orange3-argument'],EyeofBeholder-NLeSC,orange3-argument,EyeofBeholder-NLeSC/orange3-argument,RSD
Orange3 Story Navigator,https://research-software-directory.org/software/orange3-story-navigator,https://github.com/navigating-stories/orange-story-navigator,['https://github.com/navigating-stories/orange-story-navigator'],navigating-stories,orange-story-navigator,navigating-stories/orange-story-navigator,RSD
Orange Hackathon,https://research-software-directory.org/software/orangehackathon,https://github.com/e-mental-health/orange-hackathon,['https://github.com/e-mental-health/orange-hackathon'],e-mental-health,orange-hackathon,e-mental-health/orange-hackathon,RSD
orbitN,https://research-software-directory.org/software/orbitn-symplectic-integrator-for-near-keplerian-planetary-systems,https://github.com/rezeebe/orbitN,['https://github.com/rezeebe/orbitN'],rezeebe,orbitN,rezeebe/orbitN,RSD
Osmium,https://research-software-directory.org/software/osmium,https://github.com/NLeSC/osmium,['https://github.com/NLeSC/osmium'],NLeSC,osmium,NLeSC/osmium,RSD
oTree Demo Experiments,https://research-software-directory.org/software/otree-demo-experiments,https://github.com/obeliss-nlesc/otree-experiments,['https://github.com/obeliss-nlesc/otree-experiments'],obeliss-nlesc,otree-experiments,obeliss-nlesc/otree-experiments,RSD
oTree Development Environment,https://research-software-directory.org/software/otree-development-environment,https://github.com/obeliss-nlesc/otree-docker,['https://github.com/obeliss-nlesc/otree-docker'],obeliss-nlesc,otree-docker,obeliss-nlesc/otree-docker,RSD
oTree Waiting Room,https://research-software-directory.org/software/otree-waiting-room,https://github.com/obeliss-nlesc/otree-docker,"['https://github.com/obeliss-nlesc/otree-waiting-room', 'https://github.com/obeliss-nlesc/otree-docker']",obeliss-nlesc,otree-docker,obeliss-nlesc/otree-docker,RSD
Overture Arranger,https://research-software-directory.org/software/overture-arranger,https://github.com/overture-stack/arranger,['https://github.com/overture-stack/arranger'],overture-stack,arranger,overture-stack/arranger,RSD
Overture Data Management System,https://research-software-directory.org/software/overture-data-management-system,https://github.com/overture-stack/dms,"['https://github.com/overture-stack/maestro', 'https://github.com/overture-stack/dms', 'https://github.com/overture-stack/ego', 'https://github.com/overture-stack/arranger', 'https://github.com/overture-stack/SONG', 'https://github.com/overture-stack/score']",overture-stack,dms,overture-stack/dms,RSD
Overture Ego,https://research-software-directory.org/software/overture-ego,https://github.com/overture-stack/ego,['https://github.com/overture-stack/ego'],overture-stack,ego,overture-stack/ego,RSD
Overture Maestro,https://research-software-directory.org/software/overture-maestro,https://github.com/overture-stack/maestro,['https://github.com/overture-stack/maestro'],overture-stack,maestro,overture-stack/maestro,RSD
Overture Score,https://research-software-directory.org/software/overture-score,https://github.com/overture-stack/score,['https://github.com/overture-stack/score'],overture-stack,score,overture-stack/score,RSD
Overture Song,https://research-software-directory.org/software/overture-song,https://github.com/overture-stack/song,['https://github.com/overture-stack/song'],overture-stack,song,overture-stack/song,RSD
Paired omics data platform,https://research-software-directory.org/software/pairedomicsdata,https://github.com/iomega/paired-data-form,['https://github.com/iomega/paired-data-form'],iomega,paired-data-form,iomega/paired-data-form,RSD
PanTools-pipeline-v4,https://research-software-directory.org/software/pantools-pipeline-v4,https://github.com/PanUtils/pantools-pipeline-v4,['https://github.com/PanUtils/pantools-pipeline-v4'],PanUtils,pantools-pipeline-v4,PanUtils/pantools-pipeline-v4,RSD
PanVA,https://research-software-directory.org/software/panva,https://github.com/PanBrowse/PanVA,['https://github.com/PanBrowse/PanVA'],PanBrowse,PanVA,PanBrowse/PanVA,RSD
paradigma,https://research-software-directory.org/software/paradigma,https://github.com/biomarkersParkinson/paradigma,['https://github.com/biomarkersParkinson/paradigma'],biomarkersParkinson,paradigma,biomarkersParkinson/paradigma,RSD
parareal,https://research-software-directory.org/software/parareal,https://github.com/parallelwindfarms/parareal,['https://github.com/parallelwindfarms/parareal'],parallelwindfarms,parareal,parallelwindfarms/parareal,RSD
Parcels,https://research-software-directory.org/software/parcels,https://github.com/astral-sh/ruff,"['https://github.com/OceanParcels/parcels', 'https://github.com/Jacketless/IKAMOANA', 'https://github.com/astral-sh/ruff']",astral-sh,ruff,astral-sh/ruff,RSD
ParticleDA.jl,https://research-software-directory.org/software/particledajl,https://github.com/Team-RADDISH/ParticleDA.jl,['https://github.com/Team-RADDISH/ParticleDA.jl'],Team-RADDISH,ParticleDA.jl,Team-RADDISH/ParticleDA.jl,RSD
PartitionedArrays.jl,https://research-software-directory.org/software/partitionedarraysjl,https://github.com/PartitionedArrays/PartitionedArrays.jl,['https://github.com/PartitionedArrays/PartitionedArrays.jl'],PartitionedArrays,PartitionedArrays.jl,PartitionedArrays/PartitionedArrays.jl,RSD
PathVisio,https://research-software-directory.org/software/pathvisio,https://github.com/pathvisio/pathvisio,['https://github.com/pathvisio/pathvisio'],pathvisio,pathvisio,pathvisio/pathvisio,RSD
PattyAnalytics,https://research-software-directory.org/software/pattyanalytics,https://github.com/NLeSC/PattyAnalytics,['https://github.com/NLeSC/PattyAnalytics'],NLeSC,PattyAnalytics,NLeSC/PattyAnalytics,RSD
Via Appia Visualization,https://research-software-directory.org/software/pattyvis,https://github.com/NLeSC/pattyvis,"['https://github.com/NLeSC/pattyvis', 'https://github.com/NLeSC/PattyVis']",NLeSC,pattyvis,NLeSC/pattyvis,RSD
PAVICS,https://research-software-directory.org/software/pavics,https://github.com/Ouranosinc/xclim,"['https://github.com/Ouranosinc/xclim', 'https://github.com/Ouranosinc/raven', 'https://github.com/Ouranosinc/PAVICS-landing']",Ouranosinc,xclim,Ouranosinc/xclim,RSD
pbg-ld,https://research-software-directory.org/software/pbg-ld,https://github.com/candYgene/pbg-ld,['https://github.com/candYgene/pbg-ld'],candYgene,pbg-ld,candYgene/pbg-ld,RSD
PBI,https://research-software-directory.org/software/pbi,https://github.com/UtrechtUniversity/patent-breakthrough,['https://github.com/UtrechtUniversity/patent-breakthrough'],UtrechtUniversity,patent-breakthrough,UtrechtUniversity/patent-breakthrough,RSD
pdb2sql,https://research-software-directory.org/software/pdb2sql,https://github.com/DeepRank/pdb2sql,['https://github.com/DeepRank/pdb2sql'],DeepRank,pdb2sql,DeepRank/pdb2sql,RSD
pdbtbx-ts,https://research-software-directory.org/software/pdbtbx-ts,https://github.com/i-VRESSE/pdbtbx-ts,['https://github.com/i-VRESSE/pdbtbx-ts'],i-VRESSE,pdbtbx-ts,i-VRESSE/pdbtbx-ts,RSD
PerfectFit,https://research-software-directory.org/software/perfectfit,https://github.com/RasaHQ/rasa,"['https://github.com/RasaHQ/rasa', 'https://github.com/celery/celery', 'https://github.com/PerfectFit-project/virtual-coach-main']",RasaHQ,rasa,RasaHQ/rasa,RSD
Petri Nets on Hyperledger,https://research-software-directory.org/software/petri-nets-on-hyperledger,https://github.com/dl4ld/petrinet,['https://github.com/dl4ld/petrinet'],dl4ld,petrinet,dl4ld/petrinet,RSD
PhenoTips,https://research-software-directory.org/software/phenotips,https://github.com/phenotips/phenotips,['https://github.com/phenotips/phenotips'],phenotips,phenotips,phenotips/phenotips,RSD
PhysicalConstants.jl,https://research-software-directory.org/software/physicalconstantsjl,https://github.com/JuliaPhysics/PhysicalConstants.jl,['https://github.com/JuliaPhysics/PhysicalConstants.jl'],JuliaPhysics,PhysicalConstants.jl,JuliaPhysics/PhysicalConstants.jl,RSD
COVID-19 Piedmont,https://research-software-directory.org/software/piedmont-covid-19-data-modelling-management,https://github.com/regione-piemonte/gescovid19,"['https://github.com/UniTo-SEPI/COVID-19_Piedmont', 'https://github.com/regione-piemonte/gescovid19']",regione-piemonte,gescovid19,regione-piemonte/gescovid19,RSD
PIQMIe,https://research-software-directory.org/software/piqmie,https://github.com/arnikz/PIQMIe,['https://github.com/arnikz/PIQMIe'],arnikz,PIQMIe,arnikz/PIQMIe,RSD
Parallel Ice Sheet Model (PISM),https://research-software-directory.org/software/pism,https://github.com/pism/pism,['https://github.com/pism/pism'],pism,pism,pism/pism,RSD
PlanEO Dashboard,https://research-software-directory.org/software/planeo-dashboard,https://github.com/MINE-DD/dashboard,['https://github.com/MINE-DD/dashboard'],MINE-DD,dashboard,MINE-DD/dashboard,RSD
Platalea,https://research-software-directory.org/software/platalea,https://github.com/spokenlanguage/platalea,['https://github.com/spokenlanguage/platalea'],spokenlanguage,platalea,spokenlanguage/platalea,RSD
Plus Toolkit,https://research-software-directory.org/software/plus-toolkit,https://github.com/PlusToolkit/PlusLib,['https://github.com/PlusToolkit/PlusLib'],PlusToolkit,PlusLib,PlusToolkit/PlusLib,RSD
PoreSpy,https://research-software-directory.org/software/porespy,https://github.com/PMEAL/porespy,['https://github.com/PMEAL/porespy'],PMEAL,porespy,PMEAL/porespy,RSD
powerfit,https://research-software-directory.org/software/powerfit,https://github.com/haddocking/powerfit,['https://github.com/haddocking/powerfit'],haddocking,powerfit,haddocking/powerfit,RSD
PowerSensor3,https://research-software-directory.org/software/powersensor3,https://github.com/nlesc-recruit/PowerSensor3,['https://github.com/nlesc-recruit/PowerSensor3'],nlesc-recruit,PowerSensor3,nlesc-recruit/PowerSensor3,RSD
protein-detective,https://research-software-directory.org/software/protein-detective,https://github.com/haddocking/protein-quest,"['https://github.com/haddocking/protein-quest', 'https://github.com/haddocking/protein-detective']",haddocking,protein-quest,haddocking/protein-quest,RSD
protein-quest,https://research-software-directory.org/software/protein-quest,https://github.com/haddocking/protein-quest,['https://github.com/haddocking/protein-quest'],haddocking,protein-quest,haddocking/protein-quest,RSD
PROTEUS,https://research-software-directory.org/software/proteus,https://github.com/FormingWorlds/PROTEUS,['https://github.com/FormingWorlds/PROTEUS'],FormingWorlds,PROTEUS,FormingWorlds/PROTEUS,RSD
PSRDADA python,https://research-software-directory.org/software/psrdada-python,https://github.com/TRASAL/psrdada-python,['https://github.com/TRASAL/psrdada-python'],TRASAL,psrdada-python,TRASAL/psrdada-python,RSD
PSSMGen,https://research-software-directory.org/software/pssmgen,https://github.com/DeepRank/pssmgen,['https://github.com/DeepRank/pssmgen'],DeepRank,pssmgen,DeepRank/pssmgen,RSD
PuReGoMe,https://research-software-directory.org/software/puregome,https://github.com/puregome/notebooks,['https://github.com/puregome/notebooks'],puregome,notebooks,puregome/notebooks,RSD
pybacting,https://research-software-directory.org/software/pybacting,https://github.com/BlueObelisk/pybacting,['https://github.com/BlueObelisk/pybacting'],BlueObelisk,pybacting,BlueObelisk/pybacting,RSD
PyChelator,https://research-software-directory.org/software/pychelator,https://github.com/AmruteLab/PyChelator,['https://github.com/AmruteLab/PyChelator'],AmruteLab,PyChelator,AmruteLab/PyChelator,RSD
Pycoeus,https://research-software-directory.org/software/pycoeus,https://github.com/DroneML/pycoeus,['https://github.com/DroneML/pycoeus'],DroneML,pycoeus,DroneML/pycoeus,RSD
PyELSEPA,https://research-software-directory.org/software/pyelsepa,https://github.com/eScatter/pyelsepa,['https://github.com/eScatter/pyelsepa'],eScatter,pyelsepa,eScatter/pyelsepa,RSD
pyglotaran,https://research-software-directory.org/software/pyglotaran,https://github.com/glotaran/pyglotaran,"['https://github.com/glotaran/pyglotaran-publications', 'https://github.com/glotaran/pyglotaran', 'https://github.com/glotaran/pyglotaran-examples', 'https://github.com/glotaran/pyglotaran-extras', 'https://github.com/glotaran/glotaran-legacy']",glotaran,pyglotaran,glotaran/pyglotaran,RSD
Pyspextools,https://research-software-directory.org/software/pyspextools,https://github.com/spex-xray/pyspextools,['https://github.com/spex-xray/pyspextools'],spex-xray,pyspextools,spex-xray/pyspextools,RSD
PyStemmusScope,https://research-software-directory.org/software/pystemmusscope,https://github.com/EcoExtreML/STEMMUS_SCOPE,"['https://github.com/EcoExtreML/STEMMUS_SCOPE', 'https://github.com/EcoExtreML/STEMMUS_SCOPE_Processing', 'https://github.com/EcoExtreML/stemmus_scope_processing']",EcoExtreML,STEMMUS_SCOPE,EcoExtreML/STEMMUS_SCOPE,RSD
pyTAMS,https://research-software-directory.org/software/pytams,https://github.com/nlesc-eTAOC/pyTAMS,['https://github.com/nlesc-eTAOC/pyTAMS'],nlesc-eTAOC,pyTAMS,nlesc-eTAOC/pyTAMS,RSD
python-pcl,https://research-software-directory.org/software/python-pcl,https://github.com/NLeSC/python-pcl,"['https://github.com/NLeSC/PattyAnalytics', 'https://github.com/strawlab/python-pcl', 'https://github.com/NLeSC/python-pcl']",NLeSC,python-pcl,NLeSC/python-pcl,RSD
PyXenon,https://research-software-directory.org/software/pyxenon,https://github.com/xenon-middleware/pyxenon,['https://github.com/xenon-middleware/pyxenon'],xenon-middleware,pyxenon,xenon-middleware/pyxenon,RSD
pyZacros,https://research-software-directory.org/software/pyzacros,https://github.com/SCM-NV/pyZacros,['https://github.com/SCM-NV/pyZacros'],SCM-NV,pyZacros,SCM-NV/pyZacros,RSD
q-cardIA,https://research-software-directory.org/software/q-cardia,https://github.com/q-cardIA/qcardia,"['https://github.com/q-cardIA/qcardia-app', 'https://github.com/q-cardIA/qcardia-data', 'https://github.com/q-cardIA/qcardia', 'https://github.com/q-cardIA/qcardia-models']",q-cardIA,qcardia,q-cardIA/qcardia,RSD
qalcore,https://research-software-directory.org/software/qalcore,https://github.com/QuantumApplicationLab/qalcore,['https://github.com/QuantumApplicationLab/qalcore'],QuantumApplicationLab,qalcore,QuantumApplicationLab/qalcore,RSD
qc2,https://research-software-directory.org/software/qc2,https://github.com/qc2nl/qc2,['https://github.com/qc2nl/qc2'],qc2nl,qc2,qc2nl/qc2,RSD
QMCBlip,https://research-software-directory.org/software/qmcblip,https://github.com/NLESC-JCER/QMCblip,['https://github.com/NLESC-JCER/QMCblip'],NLESC-JCER,QMCblip,NLESC-JCER/QMCblip,RSD
QMCTorch,https://research-software-directory.org/software/qmctorch,https://github.com/NLESC-JCER/QMCTorch,['https://github.com/NLESC-JCER/QMCTorch'],NLESC-JCER,QMCTorch,NLESC-JCER/QMCTorch,RSD
QMflows,https://research-software-directory.org/software/qmflows,https://github.com/SCM-NV/qmflows,['https://github.com/SCM-NV/qmflows'],SCM-NV,qmflows,SCM-NV/qmflows,RSD
QTLTableMiner++,https://research-software-directory.org/software/qtl-tableminer,https://github.com/candYgene/QTM,['https://github.com/candYgene/QTM'],candYgene,QTM,candYgene/QTM,RSD
quafing,https://research-software-directory.org/software/quafing,https://github.com/SDCCA/quafing/,['https://github.com/SDCCA/quafing/'],SDCCA,quafing,SDCCA/quafing,RSD
Quantum Newton Raphson,https://research-software-directory.org/software/quantum-newton-raphson,https://github.com/quantumapplicationlab/quantumnewtonraphson,['https://github.com/quantumapplicationlab/quantumnewtonraphson'],quantumapplicationlab,quantumnewtonraphson,quantumapplicationlab/quantumnewtonraphson,RSD
qubols,https://research-software-directory.org/software/qubols,https://github.com/psf/black,"['https://github.com/quantumapplicationlab/qubols', 'https://github.com/psf/black', 'https://github.com/QuantumApplicationLab/qubols', 'https://github.com/NLeSC/python-template', 'https://github.com/audreyr/cookiecutter']",psf,black,psf/black,RSD
qubops,https://research-software-directory.org/software/qubops,https://github.com/quantumapplicationlab/qubops,"['https://github.com/quantumapplicationlab/qubops', 'https://github.com/quantumapplicationlab/qubols']",quantumapplicationlab,qubops,quantumapplicationlab/qubops,RSD
QUICKLB,https://research-software-directory.org/software/quicklb,https://github.com/NLESC-JCER/QUICKLB,['https://github.com/NLESC-JCER/QUICKLB'],NLESC-JCER,QUICKLB,NLESC-JCER/QUICKLB,RSD
qumia-train-scripts,https://research-software-directory.org/software/qumia-train-scripts,https://github.com/QUMIA/train-scripts,['https://github.com/QUMIA/train-scripts'],QUMIA,train-scripts,QUMIA/train-scripts,RSD
Radiam,https://research-software-directory.org/software/radiam,https://github.com/usask-rc/radiam/,['https://github.com/usask-rc/radiam/'],usask-rc,radiam,usask-rc/radiam,RSD
rcoins,https://research-software-directory.org/software/rcoins,https://github.com/CityRiverSpaces/rcoins,"['https://github.com/CityRiverSpaces/rcoins', 'https://github.com/PratyushTripathy/COINS']",CityRiverSpaces,rcoins,CityRiverSpaces/rcoins,RSD
rcrisp Shiny app,https://research-software-directory.org/software/rcrisp-shiny-app,https://github.com/CityRiverSpaces/rcrisp,"['https://github.com/CityRiverSpaces/rcrisp', 'https://github.com/CityRiverSpaces/rcrisp-app']",CityRiverSpaces,rcrisp,CityRiverSpaces/rcrisp,RSD
ReaxPro framework ontology,https://research-software-directory.org/software/reaxpro-framework-ontology,https://github.com/simphony/reaxpro-framework-ontology,['https://github.com/simphony/reaxpro-framework-ontology'],simphony,reaxpro-framework-ontology,simphony/reaxpro-framework-ontology,RSD
ReaxPro wrappers,https://research-software-directory.org/software/reaxpro-wrappers,https://github.com/simphony/reaxpro-wrappers,['https://github.com/simphony/reaxpro-wrappers'],simphony,reaxpro-wrappers,simphony/reaxpro-wrappers,RSD
recipy,https://research-software-directory.org/software/recipy,https://github.com/recipy/recipy,['https://github.com/recipy/recipy'],recipy,recipy,recipy/recipy,RSD
REE-HDSC,https://research-software-directory.org/software/ree-hdsc,https://github.com/ree-hdsc/ree-hdsc,['https://github.com/ree-hdsc/ree-hdsc'],ree-hdsc,ree-hdsc,ree-hdsc/ree-hdsc,RSD
Remote BMI,https://research-software-directory.org/software/remote-bmi,https://github.com/eWaterCycle/remotebmi,['https://github.com/eWaterCycle/remotebmi'],eWaterCycle,remotebmi,eWaterCycle/remotebmi,RSD
Research Lifecycle Approach using Islandora,https://research-software-directory.org/software/research-lifecycle-approach-using-islandora,https://github.com/roblib/rdm-playbook,['https://github.com/roblib/rdm-playbook'],roblib,rdm-playbook,roblib/rdm-playbook,RSD
RESTful APE,https://research-software-directory.org/software/restape,https://github.com/sanctuuary/restape,['https://github.com/sanctuuary/restape'],sanctuuary,restape,sanctuuary/restape,RSD
ReSurfEMG,https://research-software-directory.org/software/resurfemg,https://github.com/ReSurfEMG/ReSurfEMG,['https://github.com/ReSurfEMG/ReSurfEMG'],ReSurfEMG,ReSurfEMG,ReSurfEMG/ReSurfEMG,RSD
ReSurfEMG-dashboard,https://research-software-directory.org/software/resurfemg-dashboard,https://github.com/ReSurfEMG/ReSurfEMG,"['https://github.com/ReSurfEMG/ReSurfEMG-dashboard', 'https://github.com/ReSurfEMG/ReSurfEMG']",ReSurfEMG,ReSurfEMG,ReSurfEMG/ReSurfEMG,RSD
Review Argumentation at Scale,https://research-software-directory.org/software/review-argumentation-at-scale,https://github.com/davideceolin/FAReviews,['https://github.com/davideceolin/FAReviews'],davideceolin,FAReviews,davideceolin/FAReviews,RSD
Ricgraph - Research in context graph,https://research-software-directory.org/software/ricgraph,https://github.com/UtrechtUniversity/ricgraph,['https://github.com/UtrechtUniversity/ricgraph'],UtrechtUniversity,ricgraph,UtrechtUniversity/ricgraph,RSD
RickView,https://research-software-directory.org/software/rickview,https://github.com/KonradHoeffner/rickview,['https://github.com/KonradHoeffner/rickview'],KonradHoeffner,rickview,KonradHoeffner/rickview,RSD
ROBIST,https://research-software-directory.org/software/robist,https://github.com/JustinStarreveld/ROBIST,['https://github.com/JustinStarreveld/ROBIST'],JustinStarreveld,ROBIST,JustinStarreveld/ROBIST,RSD
Rocket,https://research-software-directory.org/software/rocket,https://github.com/JungleComputing/rocket,['https://github.com/JungleComputing/rocket'],JungleComputing,rocket,JungleComputing/rocket,RSD
ROOT,https://research-software-directory.org/software/root,https://github.com/root-project/root,['https://github.com/root-project/root'],root-project,root,root-project/root,RSD
Rosemary,https://research-software-directory.org/software/rosemary,https://github.com/yasgui-with-rosemary/app,"['https://github.com/yasgui-with-rosemary/app', 'https://github.com/CLARIAH/yasgui-grlc-publisher']",yasgui-with-rosemary,app,yasgui-with-rosemary/app,RSD
Research Software Directory,https://research-software-directory.org/software/rsd-ng,https://github.com/research-software-directory/RSD-as-a-service,['https://github.com/research-software-directory/RSD-as-a-service'],research-software-directory,RSD-as-a-service,research-software-directory/RSD-as-a-service,RSD
rWikiPathways,https://research-software-directory.org/software/rwikipathways,https://github.com/cytoscape/RCy3,"['https://github.com/cytoscape/RCy3', 'https://github.com/BiGCAT-UM/bridgedb-r']",cytoscape,RCy3,cytoscape/RCy3,RSD
s2spy,https://research-software-directory.org/software/s2spy,https://github.com/AI4S2S/s2spy,['https://github.com/AI4S2S/s2spy'],AI4S2S,s2spy,AI4S2S/s2spy,RSD
SAGECal,https://research-software-directory.org/software/sagecal,https://github.com/nlesc-dirac/sagecal,"['https://github.com/nlesc-dirac/sagecal', 'https://github.com/benvanwerkhoven/kernel_tuner']",nlesc-dirac,sagecal,nlesc-dirac/sagecal,RSD
SalientDescriptor-matlab,https://research-software-directory.org/software/salient-descriptor-matlab,https://github.com/NLeSC/SalientDescriptor-matlab,['https://github.com/NLeSC/SalientDescriptor-matlab'],NLeSC,SalientDescriptor-matlab,NLeSC/SalientDescriptor-matlab,RSD
SalientDetector-matlab,https://research-software-directory.org/software/salient-detector-matlab,https://github.com/NLeSC/SalientDetector-matlab,['https://github.com/NLeSC/SalientDetector-matlab'],NLeSC,SalientDetector-matlab,NLeSC/SalientDetector-matlab,RSD
SalientDetector-python,https://research-software-directory.org/software/salient-detector-python,https://github.com/NLeSC/SalientDetector-python,['https://github.com/NLeSC/SalientDetector-python'],NLeSC,SalientDetector-python,NLeSC/SalientDetector-python,RSD
SARXarray,https://research-software-directory.org/software/sarxarray,https://github.com/MotionbyLearning/sarxarray,['https://github.com/MotionbyLearning/sarxarray'],MotionbyLearning,sarxarray,MotionbyLearning/sarxarray,RSD
Satsense,https://research-software-directory.org/software/satsense,https://github.com/DynaSlum/satsense,['https://github.com/DynaSlum/satsense'],DynaSlum,satsense,DynaSlum/satsense,RSD
Scholia,https://research-software-directory.org/software/scholia,https://github.com/WDscholia/scholia,['https://github.com/WDscholia/scholia'],WDscholia,scholia,WDscholia/scholia,RSD
scikit-talk,https://research-software-directory.org/software/scikit-talk,https://github.com/audreyr/cookiecutter,"['https://github.com/elpaco-escience/scikit-talk/', 'https://github.com/audreyr/cookiecutter', 'https://github.com/NLeSC/python-template']",audreyr,cookiecutter,audreyr/cookiecutter,RSD
scriptcwl,https://research-software-directory.org/software/scriptcwl,https://github.com/nlesc/scriptcwl,['https://github.com/nlesc/scriptcwl'],nlesc,scriptcwl,nlesc/scriptcwl,RSD
seahtrue,https://research-software-directory.org/software/seahtrue,https://github.com/vcjdeboer/seahtrue,['https://github.com/vcjdeboer/seahtrue'],vcjdeboer,seahtrue,vcjdeboer/seahtrue,RSD
SedTRAILS,https://research-software-directory.org/software/sedtrails,https://github.com/sedtrails/sedtrails,['https://github.com/sedtrails/sedtrails'],sedtrails,sedtrails,sedtrails/sedtrails,RSD
self-hosted runners,https://research-software-directory.org/software/self-hosted-runners,https://github.com/ci-for-science/example-python-1,"['https://github.com/ci-for-science/example-gpu-houston', 'https://github.com/ci-for-science/example-python-1', 'https://github.com/ci-for-science/example-python-monte-carlo-pi', 'https://github.com/ci-for-science/example-hello-world', 'https://github.com/ci-for-science/self-hosted-runners']",ci-for-science,example-python-1,ci-for-science/example-python-1,RSD
GitHub action to set up apptainer,https://research-software-directory.org/software/setup-apptainer,https://github.com/eWaterCycle/setup-apptainer,['https://github.com/eWaterCycle/setup-apptainer'],eWaterCycle,setup-apptainer,eWaterCycle/setup-apptainer,RSD
sfb-annotator,https://research-software-directory.org/software/sfb-annotator,https://github.com/LINNAE-project/SFB-Annotator,['https://github.com/LINNAE-project/SFB-Annotator'],LINNAE-project,SFB-Annotator,LINNAE-project/SFB-Annotator,RSD
SFINCS-BMI-server,https://research-software-directory.org/software/sfincs-bmi-server,https://github.com/eWaterCycle/sfincs-bmi-server/,['https://github.com/eWaterCycle/sfincs-bmi-server/'],eWaterCycle,sfincs-bmi-server,eWaterCycle/sfincs-bmi-server,RSD
ShiCo,https://research-software-directory.org/software/shifting-concepts-through-time,https://github.com/NLeSC/ShiCo,['https://github.com/NLeSC/ShiCo'],NLeSC,ShiCo,NLeSC/ShiCo,RSD
SIGA.py,https://research-software-directory.org/software/siga-py,https://github.com/candYgene/siga,['https://github.com/candYgene/siga'],candYgene,siga,candYgene/siga,RSD
SimVascular,https://research-software-directory.org/software/simvascular,https://github.com/SimVascular/SimVascular,['https://github.com/SimVascular/SimVascular'],SimVascular,SimVascular,SimVascular/SimVascular,RSD
sirup,https://research-software-directory.org/software/sirup,https://github.com/ivory-tower-private-power/sirup,['https://github.com/ivory-tower-private-power/sirup'],ivory-tower-private-power,sirup,ivory-tower-private-power/sirup,RSD
SLEPLET,https://research-software-directory.org/software/sleplet,https://github.com/numpy/numpy,"['https://github.com/astro-informatics/s2let', 'https://github.com/astro-informatics/sleplet', 'https://github.com/numpy/numpy', 'https://github.com/libigl/libigl-python-bindings', 'https://github.com/astro-informatics/ssht', 'https://github.com/SHTOOLS/SHTOOLS', 'https://github.com/mreineck/ducc', 'https://github.com/plotly/plotly.py', 'https://github.com/csdms-contrib/slepian_alpha']",numpy,numpy,numpy/numpy,RSD
SlicerIGT,https://research-software-directory.org/software/sliceraigt,https://github.com/SlicerIGT/aigt,"['https://github.com/SlicerIGT/aigt', 'https://github.com/SlicerIGT/SlicerIGT']",SlicerIGT,aigt,SlicerIGT/aigt,RSD
SlicerRT,https://research-software-directory.org/software/slicerrt,https://github.com/SlicerRt/SlicerRT,['https://github.com/SlicerRt/SlicerRT'],SlicerRt,SlicerRT,SlicerRt/SlicerRT,RSD
snakemake-wrf,https://research-software-directory.org/software/snakemake-wrf,https://github.com/Urban-M4/snakemake-wrf/,['https://github.com/Urban-M4/snakemake-wrf/'],Urban-M4,snakemake-wrf,Urban-M4/snakemake-wrf,RSD
snvec,https://research-software-directory.org/software/snvec,https://github.com/rezeebe/snvec,['https://github.com/rezeebe/snvec'],rezeebe,snvec,rezeebe/snvec,RSD
spec2vec,https://research-software-directory.org/software/spec2vec,https://github.com/iomega/spec2vec,['https://github.com/iomega/spec2vec'],iomega,spec2vec,iomega/spec2vec,RSD
splithalfr,https://research-software-directory.org/software/splithalfr,https://github.com/tpronk/splithalfr,"['https://github.com/tpronk/splithalfr', 'https://github.com/tpronk/splithalfr_simulation']",tpronk,splithalfr,tpronk/splithalfr,RSD
SPOT,https://research-software-directory.org/software/spot,https://github.com/NLeSC/spot,"['https://github.com/NLeSC/spot-desktop-app', 'https://github.com/NLeSC/spot']",NLeSC,spot,NLeSC/spot,RSD
StoryTeller,https://research-software-directory.org/software/storyteller,https://github.com/NLeSC/BiographyNet,"['https://github.com/NLeSC/BiographyNet', 'https://github.com/NLeSC-Storyteller/StoryTeller', 'https://github.com/BiographyNet/demonstrator', 'https://github.com/NLeSC/UncertaintyVisualization', 'https://github.com/NLeSC/EmbodiedEmotions']",NLeSC,BiographyNet,NLeSC/BiographyNet,RSD
sv-callers,https://research-software-directory.org/software/sv-callers,https://github.com/Illumina/manta,"['https://github.com/PapenfussLab/gridss', 'https://github.com/Illumina/manta', 'https://github.com/dellytools/delly', 'https://github.com/arq5x/lumpy-sv', 'https://github.com/GooglingTheCancerGenome/sv-callers']",Illumina,manta,Illumina/manta,RSD
sv-channels,https://research-software-directory.org/software/sv-channels,https://github.com/GooglingTheCancerGenome/sv-channels/,['https://github.com/GooglingTheCancerGenome/sv-channels/'],GooglingTheCancerGenome,sv-channels,GooglingTheCancerGenome/sv-channels,RSD
svnecR,https://research-software-directory.org/software/svnecr,https://github.com/japhir/snvecR,['https://github.com/japhir/snvecR'],japhir,snvecR,japhir/snvecR,RSD
swyft,https://research-software-directory.org/software/swyft,https://github.com/undark-lab/swyft,['https://github.com/undark-lab/swyft'],undark-lab,swyft,undark-lab/swyft,RSD
talkr,https://research-software-directory.org/software/talkr,https://github.com/elpaco-escience/talkr,"['https://github.com/elpaco-escience/scikit-talk', 'https://github.com/elpaco-escience/talkr']",elpaco-escience,talkr,elpaco-escience/talkr,RSD
TaxoTagger,https://research-software-directory.org/software/taxotagger,https://github.com/MycoAI/taxotagger,['https://github.com/MycoAI/taxotagger'],MycoAI,taxotagger,MycoAI/taxotagger,RSD
Texcavator,https://research-software-directory.org/software/texcavator,https://github.com/UUDigitalHumanitieslab/texcavator,"['https://github.com/UUDigitalHumanitieslab/texcavator', 'https://github.com/UUDigitalHumanitieslab/I-analyzer']",UUDigitalHumanitieslab,texcavator,UUDigitalHumanitieslab/texcavator,RSD
TIMP,https://research-software-directory.org/software/timp,https://github.com/glotaran/TIMP,"['https://github.com/r-hub/cranlogs.app', 'https://github.com/glotaran/glotaran-legacy', 'https://github.com/glotaran/TIMP']",glotaran,TIMP,glotaran/TIMP,RSD
tortellini,https://research-software-directory.org/software/tortellini-github-action,https://github.com/tortellini-tools/action,['https://github.com/tortellini-tools/action'],tortellini-tools,action,tortellini-tools/action,RSD
TraP: The LOFAR Transients Pipeline,https://research-software-directory.org/software/trap-the-lofar-transients-pipeline,https://github.com/transientskp/tkp,['https://github.com/transientskp/tkp'],transientskp,tkp,transientskp/tkp,RSD
TulipaEnergyModel,https://research-software-directory.org/software/tulipaenergymodel,https://github.com/JuliaBesties/BestieTemplate.jl,"['https://github.com/TulipaEnergy/TulipaEnergyModel.jl', 'https://github.com/JuliaBesties/BestieTemplate.jl']",JuliaBesties,BestieTemplate.jl,JuliaBesties/BestieTemplate.jl,RSD
Turing Data Safe Haven,https://research-software-directory.org/software/turing-data-safe-haven,https://github.com/alan-turing-institute/data-safe-haven,['https://github.com/alan-turing-institute/data-safe-haven'],alan-turing-institute,data-safe-haven,alan-turing-institute/data-safe-haven,RSD
Twiqs,https://research-software-directory.org/software/twinl-website-code,https://github.com/twinl/website,['https://github.com/twinl/website'],twinl,website,twinl/website,RSD
Umple,https://research-software-directory.org/software/umple,https://github.com/umple/umple,['https://github.com/umple/umple'],umple,umple,umple/umple,RSD
ValidSense,https://research-software-directory.org/software/validsense,https://github.com/umcu/ValidSense,['https://github.com/umcu/ValidSense'],umcu,ValidSense,umcu/ValidSense,RSD
Vantage6,https://research-software-directory.org/software/vantage6,https://github.com/vantage6/vantage6,['https://github.com/vantage6/vantage6'],vantage6,vantage6,vantage6/vantage6,RSD
Revisited Via Appia,https://research-software-directory.org/software/via-appia-revisited,https://github.com/Via-Appia/PattyVis,"['https://github.com/Via-Appia/via-appia-online-viewer', 'https://github.com/Via-Appia/PattyVis']",Via-Appia,PattyVis,Via-Appia/PattyVis,RSD
WAM2layers,https://research-software-directory.org/software/wam2layers,https://github.com/WAM2layers/WAM2layers,['https://github.com/WAM2layers/WAM2layers'],WAM2layers,WAM2layers,WAM2layers/WAM2layers,RSD
WEARDA,https://research-software-directory.org/software/wearda,https://github.com/LiacsProjects/Wearda,['https://github.com/LiacsProjects/Wearda'],LiacsProjects,Wearda,LiacsProjects/Wearda,RSD
Workflomics,https://research-software-directory.org/software/workflomics,https://github.com/workflomics/workflomics-frontend,['https://github.com/workflomics/workflomics-frontend'],workflomics,workflomics-frontend,workflomics/workflomics-frontend,RSD
WRF-runner,https://research-software-directory.org/software/wrf-runner,https://github.com/Urban-M4/wrf-runner,['https://github.com/Urban-M4/wrf-runner'],Urban-M4,wrf-runner,Urban-M4/wrf-runner,RSD
WRFpy,https://research-software-directory.org/software/wrfpy,https://github.com/era-urban/wrfpy,['https://github.com/era-urban/wrfpy'],era-urban,wrfpy,era-urban/wrfpy,RSD
Xenon,https://research-software-directory.org/software/xenon,https://github.com/xenon-middleware/xenon,['https://github.com/xenon-middleware/xenon'],xenon-middleware,xenon,xenon-middleware/xenon,RSD
Xenon command line interface,https://research-software-directory.org/software/xenon-cli,https://github.com/NLeSC/xenon-cli,['https://github.com/NLeSC/xenon-cli'],NLeSC,xenon-cli,NLeSC/xenon-cli,RSD
Xenon gRPC server,https://research-software-directory.org/software/xenon-grpc,https://github.com/NLeSC/xenon-grpc,['https://github.com/NLeSC/xenon-grpc'],NLeSC,xenon-grpc,NLeSC/xenon-grpc,RSD
xtas,https://research-software-directory.org/software/xtas,https://github.com/NLeSC/xtas,['https://github.com/NLeSC/xtas'],NLeSC,xtas,NLeSC/xtas,RSD
"2x2, 3x3 and nxn Space-Filling Curves",https://helmholtz.software/software/2x2-3x3-and-nxn-space-filling-curves,https://github.com/jokergoo/sfcurve,['https://github.com/jokergoo/sfcurve'],jokergoo,sfcurve,jokergoo/sfcurve,HELMHOLTZ
4C Multiphysics,https://helmholtz.software/software/4c-multiphysics,https://github.com/4C-multiphysics/4C,['https://github.com/4C-multiphysics/4C'],4C-multiphysics,4C,4C-multiphysics/4C,HELMHOLTZ
AiiDA-KKR,https://helmholtz.software/software/aiida-kkr,https://github.com/JuDFTteam/aiida-kkr,['https://github.com/JuDFTteam/aiida-kkr'],JuDFTteam,aiida-kkr,JuDFTteam/aiida-kkr,HELMHOLTZ
AiiDA-Spirit,https://helmholtz.software/software/aiida-spirit,https://github.com/JuDFTteam/aiida-spirit,['https://github.com/JuDFTteam/aiida-spirit'],JuDFTteam,aiida-spirit,JuDFTteam/aiida-spirit,HELMHOLTZ
Alpaca,https://helmholtz.software/software/alpaca,https://github.com/INM-6/alpaca,['https://github.com/INM-6/alpaca'],INM-6,alpaca,INM-6/alpaca,HELMHOLTZ
alpaka,https://helmholtz.software/software/alpaka,https://github.com/alpaka-group/llama,"['https://github.com/alpaka-group/alpaka', 'https://github.com/alpaka-group/llama', 'https://github.com/ComputationalRadiationPhysics/isaac', 'https://github.com/ComputationalRadiationPhysics/picongpu']",alpaka-group,llama,alpaka-group/llama,HELMHOLTZ
anndata,https://helmholtz.software/software/anndata,https://github.com/scverse/anndata,['https://github.com/scverse/anndata'],scverse,anndata,scverse/anndata,HELMHOLTZ
Ansible Collection - hifis.toolkit,https://helmholtz.software/software/ansible-collection-toolkit,https://github.com/hifis-net/ansible-collection-toolkit,['https://github.com/hifis-net/ansible-collection-toolkit'],hifis-net,ansible-collection-toolkit,hifis-net/ansible-collection-toolkit,HELMHOLTZ
anvi'o,https://helmholtz.software/software/anvio,https://github.com/merenlab/anvio,['https://github.com/merenlab/anvio'],merenlab,anvio,merenlab/anvio,HELMHOLTZ
Arbor,https://helmholtz.software/software/arbor,https://github.com/arbor-sim/arbor/,['https://github.com/arbor-sim/arbor/'],arbor-sim,arbor,arbor-sim/arbor,HELMHOLTZ
Automating Requirements and Documentation Comprehension (ARDoCo),https://helmholtz.software/software/ardoco,https://github.com/ardoco/TLR,"['https://github.com/ardoco/inconsistency-detection', 'https://github.com/ardoco/core', 'https://github.com/ardoco/TLR']",ardoco,TLR,ardoco/TLR,HELMHOLTZ
AROSICS,https://helmholtz.software/software/arosics,https://github.com/GFZ/arosics,['https://github.com/GFZ/arosics'],GFZ,arosics,GFZ/arosics,HELMHOLTZ
ARTIST,https://helmholtz.software/software/artist,https://github.com/ARTIST-Association/ARTIST,['https://github.com/ARTIST-Association/ARTIST'],ARTIST-Association,ARTIST,ARTIST-Association/ARTIST,HELMHOLTZ
"ASPECT - The Advanced Solver for Planetary Evolution, Convection, and Tectonics",https://helmholtz.software/software/aspect,https://github.com/dealii/dealii,"['https://github.com/dealii/dealii', 'https://github.com/geodynamics/aspect']",dealii,dealii,dealii/dealii,HELMHOLTZ
atoMEC,https://helmholtz.software/software/atomec,https://github.com/atomec-project/atoMEC,['https://github.com/atomec-project/atoMEC'],atomec-project,atoMEC,atomec-project/atoMEC,HELMHOLTZ
AutoGaitA,https://helmholtz.software/software/autogaita,https://github.com/mahan-hosseini/AutoGaitA,['https://github.com/mahan-hosseini/AutoGaitA'],mahan-hosseini,AutoGaitA,mahan-hosseini/AutoGaitA,HELMHOLTZ
AutoPQ,https://helmholtz.software/software/autopq,https://github.com/SMEISEN/AutoPQ,"['https://github.com/Helmholtz-AI-Energy/propulate', 'https://github.com/SMEISEN/AutoPQ', 'https://github.com/hyperopt/hyperopt']",SMEISEN,AutoPQ,SMEISEN/AutoPQ,HELMHOLTZ
AutoPV,https://helmholtz.software/software/autopv,https://github.com/SMEISEN/AutoPV,['https://github.com/SMEISEN/AutoPV'],SMEISEN,AutoPV,SMEISEN/AutoPV,HELMHOLTZ
AutoWP,https://helmholtz.software/software/autowp,https://github.com/SMEISEN/AutoWP,"['https://github.com/wind-python/windpowerlib', 'https://github.com/SMEISEN/AutoWP']",SMEISEN,AutoWP,SMEISEN/AutoWP,HELMHOLTZ
Aviator,https://helmholtz.software/software/aviator,https://github.com/CCB-SB/Aviator,['https://github.com/CCB-SB/Aviator'],CCB-SB,Aviator,CCB-SB/Aviator,HELMHOLTZ
base-repo,https://helmholtz.software/software/base-repo,https://github.com/kit-data-manager/base-repo,['https://github.com/kit-data-manager/base-repo'],kit-data-manager,base-repo,kit-data-manager/base-repo,HELMHOLTZ
BaSiC,https://helmholtz.software/software/basic,https://github.com/marrlab/BaSiC,['https://github.com/marrlab/BaSiC'],marrlab,BaSiC,marrlab/BaSiC,HELMHOLTZ
BaSiCPy,https://helmholtz.software/software/basicpy,https://github.com/peng-lab/BaSiCPy,['https://github.com/peng-lab/BaSiCPy'],peng-lab,BaSiCPy,peng-lab/BaSiCPy,HELMHOLTZ
Bending Stiffness,https://helmholtz.software/software/bending-stiffness,https://github.com/Ramy-Badr-Ahmed/Bending-Stiffness,['https://github.com/Ramy-Badr-Ahmed/Bending-Stiffness'],Ramy-Badr-Ahmed,Bending-Stiffness,Ramy-Badr-Ahmed/Bending-Stiffness,HELMHOLTZ
FAIRCORE4EOSC,https://helmholtz.software/software/beta-faircore4eosc,https://github.com/Ramy-Badr-Ahmed/beta-faircore4eosc,['https://github.com/Ramy-Badr-Ahmed/beta-faircore4eosc'],Ramy-Badr-Ahmed,beta-faircore4eosc,Ramy-Badr-Ahmed/beta-faircore4eosc,HELMHOLTZ
Bifurcations-Discrete-Maps,https://helmholtz.software/software/bifurcations-discrete-maps,https://github.com/Ramy-Badr-Ahmed/Bifurcations-Discrete-Maps,['https://github.com/Ramy-Badr-Ahmed/Bifurcations-Discrete-Maps'],Ramy-Badr-Ahmed,Bifurcations-Discrete-Maps,Ramy-Badr-Ahmed/Bifurcations-Discrete-Maps,HELMHOLTZ
BioAutoML - Democratizing Machine Learning in Life Sciences,https://helmholtz.software/software/bioautoml,https://github.com/Bonidia/BioAutoML,['https://github.com/Bonidia/BioAutoML'],Bonidia,BioAutoML,Bonidia/BioAutoML,HELMHOLTZ
BlenderProc,https://helmholtz.software/software/blenderproc,https://github.com/DLR-RM/BlenderProc,['https://github.com/DLR-RM/BlenderProc'],DLR-RM,BlenderProc,DLR-RM/BlenderProc,HELMHOLTZ
BrainPrint,https://helmholtz.software/software/brainprint,https://github.com/Deep-MI/LaPy,"['https://github.com/Deep-MI/BrainPrint-legacy', 'https://github.com/Deep-MI/LaPy', 'https://github.com/Deep-MI/brainprint']",Deep-MI,LaPy,Deep-MI/LaPy,HELMHOLTZ
CADET,https://helmholtz.software/software/cadet,https://github.com/modsim/CADET,"['https://github.com/modsim/CADET', 'https://github.com/cadet/CADET-Process', 'https://github.com/cadet/CADET-Workshop', 'https://github.com/cadet/CADET-Semi-Analytic', 'https://github.com/cadet/CADET-Verification', 'https://github.com/cadet/CADET-Core', 'https://github.com/cadet/CADET-RDM', 'https://github.com/fau-advanced-separations/CADET-Process']",modsim,CADET,modsim/CADET,HELMHOLTZ
calibr8,https://helmholtz.software/software/calibr8,https://github.com/JuBiotech/calibr8,['https://github.com/JuBiotech/calibr8'],JuBiotech,calibr8,JuBiotech/calibr8,HELMHOLTZ
CellDetection,https://helmholtz.software/software/celldetection,https://github.com/apptainer/singularity,"['https://github.com/FZJ-INM1-BDA/celldetection-napari', 'https://github.com/apptainer/singularity', 'https://github.com/FZJ-INM1-BDA/celldetection']",apptainer,singularity,apptainer/singularity,HELMHOLTZ
CellRank,https://helmholtz.software/software/cellrank,https://github.com/theislab/cellrank,['https://github.com/theislab/cellrank'],theislab,cellrank,theislab/cellrank,HELMHOLTZ
ChASE,https://helmholtz.software/software/chase,https://github.com/ChASE-library/ChASE,['https://github.com/ChASE-library/ChASE'],ChASE-library,ChASE,ChASE-library/ChASE,HELMHOLTZ
Cheetah,https://helmholtz.software/software/cheetah,https://github.com/psf/black,"['https://github.com/MALAPA-Collab/cheetah-tutorial-2025', 'https://github.com/desy-ml/3d-assets', 'https://github.com/psf/black', 'https://github.com/desy-ml/cheetah-demos']",psf,black,psf/black,HELMHOLTZ
Chemotion ELN,https://helmholtz.software/software/chemotion-eln,https://github.com/ComPlat/chemotion_ELN,['https://github.com/ComPlat/chemotion_ELN'],ComPlat,chemotion_ELN,ComPlat/chemotion_ELN,HELMHOLTZ
CIMPredict,https://helmholtz.software/software/cimpredict,https://github.com/tonitacker/CIMPredict,['https://github.com/tonitacker/CIMPredict'],tonitacker,CIMPredict,tonitacker/CIMPredict,HELMHOLTZ
Continuous Integration of Architectural Performance Models (CIPM),https://helmholtz.software/software/cipm,https://github.com/CIPM-tools/CIPM,['https://github.com/CIPM-tools/CIPM'],CIPM-tools,CIPM,CIPM-tools/CIPM,HELMHOLTZ
circlize,https://helmholtz.software/software/circlize,https://github.com/jokergoo/circlize,['https://github.com/jokergoo/circlize'],jokergoo,circlize,jokergoo/circlize,HELMHOLTZ
Citation File Format,https://helmholtz.software/software/citation-file-format,https://github.com/sdruskat/cfftracker,"['https://github.com/citation-file-format/citation-file-format', 'https://github.com/sdruskat/cfftracker']",sdruskat,cfftracker,sdruskat/cfftracker,HELMHOLTZ
CiTYCHEM,https://helmholtz.software/software/citychem,https://github.com/matthkarl/citychem,['https://github.com/matthkarl/citychem'],matthkarl,citychem,matthkarl/citychem,HELMHOLTZ
CICMoD - A Climate Index Collection based on Model Data,https://helmholtz.software/software/climate-index-collection,https://github.com/MarcoLandtHayen/climate_index_collection,['https://github.com/MarcoLandtHayen/climate_index_collection'],MarcoLandtHayen,climate_index_collection,MarcoLandtHayen/climate_index_collection,HELMHOLTZ
ClimSight,https://helmholtz.software/software/climsight,https://github.com/CliDyn/climsight,['https://github.com/CliDyn/climsight'],CliDyn,climsight,CliDyn/climsight,HELMHOLTZ
cola,https://helmholtz.software/software/cola,https://github.com/jokergoo/cola,['https://github.com/jokergoo/cola'],jokergoo,cola,jokergoo/cola,HELMHOLTZ
CoMOLA,https://helmholtz.software/software/comola,https://github.com/Helmholtz-UFZ/CoMOLA,['https://github.com/Helmholtz-UFZ/CoMOLA'],Helmholtz-UFZ,CoMOLA,Helmholtz-UFZ/CoMOLA,HELMHOLTZ
ComplexHeatmap,https://helmholtz.software/software/complexheatmap,https://github.com/jokergoo/ComplexHeatmap,"['https://github.com/jokergoo/ComplexHeatmap', 'https://github.com/jokergoo/InteractiveComplexHeatmap']",jokergoo,ComplexHeatmap,jokergoo/ComplexHeatmap,HELMHOLTZ
Copy-Paste Imputation (CPI) for Energy Time Series,https://helmholtz.software/software/copy-paste-imputation,https://github.com/KIT-IAI/CopyPasteImputation,['https://github.com/KIT-IAI/CopyPasteImputation'],KIT-IAI,CopyPasteImputation,KIT-IAI/CopyPasteImputation,HELMHOLTZ
CorC,https://helmholtz.software/software/corc,https://github.com/KIT-TVA/CorC,"['https://github.com/KIT-TVA/CorC/', 'https://github.com/KIT-TVA/CorC']",KIT-TVA,CorC,KIT-TVA/CorC,HELMHOLTZ
CosmoScout VR,https://helmholtz.software/software/cosmoscout-vr,https://github.com/vrpn/vrpn,"['https://github.com/cosmoscout/cosmoscout-vr', 'https://github.com/cosmoscout/vista', 'https://github.com/vrpn/vrpn']",vrpn,vrpn,vrpn/vrpn,HELMHOLTZ
CP2K,https://helmholtz.software/software/cp2k,https://github.com/cp2k/cp2k,"['https://github.com/cp2k/cp2k', 'https://github.com/cp2k/dbcsr']",cp2k,cp2k,cp2k/cp2k,HELMHOLTZ
CPlantBox,https://helmholtz.software/software/cplantbox,https://github.com/Plant-Root-Soil-Interactions-Modelling/CPlantBox,['https://github.com/Plant-Root-Soil-Interactions-Modelling/CPlantBox'],Plant-Root-Soil-Interactions-Modelling,CPlantBox,Plant-Root-Soil-Interactions-Modelling/CPlantBox,HELMHOLTZ
CryoGrid,https://helmholtz.software/software/cryogrid,https://github.com/CryoGrid/CryoGridCommunity_source,['https://github.com/CryoGrid/CryoGridCommunity_source'],CryoGrid,CryoGridCommunity_source,CryoGrid/CryoGridCommunity_source,HELMHOLTZ
CrystFEL,https://helmholtz.software/software/crystfel,https://github.com/taw10/crystfel,['https://github.com/taw10/crystfel'],taw10,crystfel,taw10/crystfel,HELMHOLTZ
CUAS-MPI,https://helmholtz.software/software/cuas-mpi,https://github.com/tudasc/CUAS-MPI,['https://github.com/tudasc/CUAS-MPI'],tudasc,CUAS-MPI,tudasc/CUAS-MPI,HELMHOLTZ
cuda_memtest,https://helmholtz.software/software/cudamemtest,https://github.com/ComputationalRadiationPhysics/picongpu,"['https://github.com/ComputationalRadiationPhysics/cuda_memtest', 'https://github.com/ComputationalRadiationPhysics/picongpu']",ComputationalRadiationPhysics,picongpu,ComputationalRadiationPhysics/picongpu,HELMHOLTZ
cupla,https://helmholtz.software/software/cupla,https://github.com/alpaka-group/cupla,"['https://github.com/alpaka-group/alpaka', 'https://github.com/alpaka-group/cupla']",alpaka-group,cupla,alpaka-group/cupla,HELMHOLTZ
cyCONDOR,https://helmholtz.software/software/cycondor,https://github.com/lorenzobonaguro/cyCONDOR,['https://github.com/lorenzobonaguro/cyCONDOR'],lorenzobonaguro,cyCONDOR,lorenzobonaguro/cyCONDOR,HELMHOLTZ
DAMNIT,https://helmholtz.software/software/damnit,https://github.com/European-XFEL/DAMNIT,['https://github.com/European-XFEL/DAMNIT'],European-XFEL,DAMNIT,European-XFEL/DAMNIT,HELMHOLTZ
Data Analytics Software Project - Python bindings,https://helmholtz.software/software/dasf-messaging-python,https://github.com/psf/black,['https://github.com/psf/black'],psf,black,psf/black,HELMHOLTZ
DataDesc,https://helmholtz.software/software/datadesc,https://github.com/FZJ-IEK3-VSA/DataDesc/,['https://github.com/FZJ-IEK3-VSA/DataDesc/'],FZJ-IEK3-VSA,DataDesc,FZJ-IEK3-VSA/DataDesc,HELMHOLTZ
DataLad,https://helmholtz.software/software/datalad,https://github.com/datalad/datalad,['https://github.com/datalad/datalad'],datalad,datalad,datalad/datalad,HELMHOLTZ
DataLad Container extension,https://helmholtz.software/software/datalad-container-extension,https://github.com/datalad/datalad-container,['https://github.com/datalad/datalad-container'],datalad,datalad-container,datalad/datalad-container,HELMHOLTZ
DataLad NEXT extension,https://helmholtz.software/software/datalad-next-extension,https://github.com/datalad/datalad-next,['https://github.com/datalad/datalad-next'],datalad,datalad-next,datalad/datalad-next,HELMHOLTZ
DataSAIL,https://helmholtz.software/software/datasail,https://github.com/kalininalab/DataSAIL,['https://github.com/kalininalab/DataSAIL'],kalininalab,DataSAIL,kalininalab/DataSAIL,HELMHOLTZ
datasalad,https://helmholtz.software/software/datasalad,https://github.com/datalad/datasalad,['https://github.com/datalad/datasalad'],datalad,datasalad,datalad/datasalad,HELMHOLTZ
dCache,https://helmholtz.software/software/dcache,https://github.com/dCache/dcache,['https://github.com/dCache/dcache'],dCache,dcache,dCache/dcache,HELMHOLTZ
deus,https://helmholtz.software/software/deus,https://github.com/gfzriesgos/deus,['https://github.com/gfzriesgos/deus'],gfzriesgos,deus,gfzriesgos/deus,HELMHOLTZ
xDECAF,https://helmholtz.software/software/dfa,https://github.com/DataFlowAnalysis/DataFlowAnalysis,['https://github.com/DataFlowAnalysis/DataFlowAnalysis'],DataFlowAnalysis,DataFlowAnalysis,DataFlowAnalysis/DataFlowAnalysis,HELMHOLTZ
dirschema,https://helmholtz.software/software/dirschema,https://github.com/Materials-Data-Science-and-Informatics/dirschema,['https://github.com/Materials-Data-Science-and-Informatics/dirschema'],Materials-Data-Science-and-Informatics,dirschema,Materials-Data-Science-and-Informatics/dirschema,HELMHOLTZ
DL4PuDe,https://helmholtz.software/software/dl4pude,https://github.com/PedestrianDynamics/DL4PuDe,['https://github.com/PedestrianDynamics/DL4PuDe'],PedestrianDynamics,DL4PuDe,PedestrianDynamics/DL4PuDe,HELMHOLTZ
Earth System Model Evaluation Tool (ESMValTool),https://helmholtz.software/software/earth-system-model-evaluation-tool-esmvaltool,https://github.com/ESMValGroup/ESMValTool,['https://github.com/ESMValGroup/ESMValTool'],ESMValGroup,ESMValTool,ESMValGroup/ESMValTool,HELMHOLTZ
eCLM,https://helmholtz.software/software/eclm,https://github.com/HPSCTerrSys/eCLM,['https://github.com/HPSCTerrSys/eCLM'],HPSCTerrSys,eCLM,HPSCTerrSys/eCLM,HELMHOLTZ
eGSIM,https://helmholtz.software/software/egsim,https://github.com/rizac/egsim,['https://github.com/rizac/egsim'],rizac,egsim,rizac/egsim,HELMHOLTZ
ehrapy,https://helmholtz.software/software/ehrapy,https://github.com/theislab/ehrapy,['https://github.com/theislab/ehrapy'],theislab,ehrapy,theislab/ehrapy,HELMHOLTZ
ELECTRODE,https://helmholtz.software/software/electrode,https://github.com/robeme/lammps,['https://github.com/robeme/lammps'],robeme,lammps,robeme/lammps,HELMHOLTZ
Elephant,https://helmholtz.software/software/elephant,https://github.com/NeuralEnsemble/elephant,['https://github.com/NeuralEnsemble/elephant'],NeuralEnsemble,elephant,NeuralEnsemble/elephant,HELMHOLTZ
EnrichedHeatmap,https://helmholtz.software/software/enrichedheatmap,https://github.com/fidelram/deepTools,"['https://github.com/jokergoo/EnrichedHeatmap', 'https://github.com/fidelram/deepTools', 'https://github.com/jokergoo/ComplexHeatmap', 'https://github.com/shenlab-sinai/ngsplot']",fidelram,deepTools,fidelram/deepTools,HELMHOLTZ
ePowCoRe,https://helmholtz.software/software/epowcore,https://github.com/KIT-IAI/ePowCoRe,['https://github.com/KIT-IAI/ePowCoRe'],KIT-IAI,ePowCoRe,KIT-IAI/ePowCoRe,HELMHOLTZ
ESM-Tools,https://helmholtz.software/software/esm-tools,https://github.com/esm-tools/esm_tools,['https://github.com/esm-tools/esm_tools'],esm-tools,esm_tools,esm-tools/esm_tools,HELMHOLTZ
ESMValCore,https://helmholtz.software/software/esmvalcore,https://github.com/ESMValGroup/ESMValTool,"['https://github.com/ESMValGroup/ESMValTool', 'https://github.com/ESMValGroup/ESMValCore']",ESMValGroup,ESMValTool,ESMValGroup/ESMValTool,HELMHOLTZ
ETHOS.FINE - Framework for Integrated Energy System Assessment,https://helmholtz.software/software/ethosfine-framework-for-integrated-energy-system-assessment,https://github.com/FZJ-IEK3-VSA/tsam,"['https://github.com/FZJ-IEK3-VSA/tsam', 'https://github.com/FZJ-IEK3-VSA/FINE']",FZJ-IEK3-VSA,tsam,FZJ-IEK3-VSA/tsam,HELMHOLTZ
ETHOS.PeNALPS,https://helmholtz.software/software/ethospenalps,https://github.com/FZJ-IEK3-VSA/ETHOS_PeNALPS,['https://github.com/FZJ-IEK3-VSA/ETHOS_PeNALPS'],FZJ-IEK3-VSA,ETHOS_PeNALPS,FZJ-IEK3-VSA/ETHOS_PeNALPS,HELMHOLTZ
ETHOS.REFLOW,https://helmholtz.software/software/ethosreflow,https://github.com/FZJ-IEK3-VSA/ethos.REFLOW,['https://github.com/FZJ-IEK3-VSA/ethos.REFLOW'],FZJ-IEK3-VSA,ethos.REFLOW,FZJ-IEK3-VSA/ethos.REFLOW,HELMHOLTZ
ETHOS.zoomin,https://helmholtz.software/software/ethoszoomin,https://github.com/FZJ-IEK3-VSA/ETHOS.zoomin,['https://github.com/FZJ-IEK3-VSA/ETHOS.zoomin'],FZJ-IEK3-VSA,ETHOS.zoomin,FZJ-IEK3-VSA/ETHOS.zoomin,HELMHOLTZ
Eventdisplay,https://helmholtz.software/software/eventdisplay,https://github.com/Eventdisplay/Eventdisplay,['https://github.com/Eventdisplay/Eventdisplay'],Eventdisplay,Eventdisplay,Eventdisplay/Eventdisplay,HELMHOLTZ
FairMQ,https://helmholtz.software/software/fairmq,https://github.com/FairRootGroup/FairMQ,"['https://github.com/FairRootGroup/FairMQ/', 'https://github.com/FairRootGroup/FairMQ']",FairRootGroup,FairMQ,FairRootGroup/FairMQ,HELMHOLTZ
Fastscape Toolbox,https://helmholtz.software/software/fastscape-toolbox,https://github.com/fastscape-lem/adascape,"['https://github.com/fastscape-lem/ipyfastscape', 'https://github.com/fastscape-lem/fastscapelib', 'https://github.com/fastscape-lem/adascape', 'https://github.com/fastscape-lem/fastscape', 'https://github.com/fastscape-lem/workshop-xsimlab-grenoble-10-2022', 'https://github.com/fastscape-lem/fastscape-litho', 'https://github.com/fastscape-lem/workshop-gfz-2021-01', 'https://github.com/fastscape-lem/s2s-future-dragonstone', 'https://github.com/fastscape-lem/orographic-precipitation', 'https://github.com/fastscape-lem/crc-1211-short-course', 'https://github.com/fastscape-lem/landscape-booth', 'https://github.com/fastscape-lem/gilbert-board', 'https://github.com/fastscape-lem/isterre-short-course', 'https://github.com/fastscape-lem/fastscapelib-fortran', 'https://github.com/fastscape-lem/VariableSPIM', 'https://github.com/xarray-contrib/xarray-simlab']",fastscape-lem,adascape,fastscape-lem/adascape,HELMHOLTZ
FastSurfer,https://helmholtz.software/software/fastsurfer,https://github.com/deep-mi/FastSurfer,"['https://github.com/deep-mi/FastSurfer', 'https://github.com/deep-MI/FastSurfer/', 'https://github.com/deep-mi/fastsurfer', 'https://github.com/deep-mi/qatools-python']",deep-mi,FastSurfer,deep-mi/FastSurfer,HELMHOLTZ
FatSegNet,https://helmholtz.software/software/fatsegnet,https://github.com/Deep-MI/FatSegNet,['https://github.com/Deep-MI/FatSegNet'],Deep-MI,FatSegNet,Deep-MI/FatSegNet,HELMHOLTZ
FESOM,https://helmholtz.software/software/fesom,https://github.com/FESOM/fesom2,['https://github.com/FESOM/fesom2'],FESOM,fesom2,FESOM/fesom2,HELMHOLTZ
FishInspector,https://helmholtz.software/software/fishinspector,https://github.com/sscholz-UFZ/FishInspector,['https://github.com/sscholz-UFZ/FishInspector'],sscholz-UFZ,FishInspector,sscholz-UFZ/FishInspector,HELMHOLTZ
flexynesis,https://helmholtz.software/software/flexynesis,https://github.com/BIMSBbioinfo/flexynesis,['https://github.com/BIMSBbioinfo/flexynesis'],BIMSBbioinfo,flexynesis,BIMSBbioinfo/flexynesis,HELMHOLTZ
FlowStrider,https://helmholtz.software/software/flowstrider,https://github.com/PyCQA/bandit,['https://github.com/PyCQA/bandit'],PyCQA,bandit,PyCQA/bandit,HELMHOLTZ
FormatFuzzer,https://helmholtz.software/software/formatfuzzer,https://github.com/uds-se/FormatFuzzer,['https://github.com/uds-se/FormatFuzzer'],uds-se,FormatFuzzer,uds-se/FormatFuzzer,HELMHOLTZ
FraCSPy,https://helmholtz.software/software/fracspy,https://github.com/FraCSPy/FraCSPy,['https://github.com/FraCSPy/FraCSPy'],FraCSPy,FraCSPy,FraCSPy/FraCSPy,HELMHOLTZ
FSQC,https://helmholtz.software/software/fsqc,https://github.com/Deep-MI/fsqc,"['https://github.com/Deep-MI/FastSurfer', 'https://github.com/Deep-MI/fsqc', 'https://github.com/Deep-MI/brainprint', 'https://github.com/poldracklab/mriqc', 'https://github.com/Deep-MI/lapy']",Deep-MI,fsqc,Deep-MI/fsqc,HELMHOLTZ
Ginkgo,https://helmholtz.software/software/ginkgo,https://github.com/ginkgo-project/ginkgo/,['https://github.com/ginkgo-project/ginkgo/'],ginkgo-project,ginkgo,ginkgo-project/ginkgo,HELMHOLTZ
GLAES,https://helmholtz.software/software/glaes,https://github.com/FZJ-IEK3-VSA/glaes,"['https://github.com/FZJ-IEK3-VSA/geokit', 'https://github.com/FZJ-IEK3-VSA/glaes']",FZJ-IEK3-VSA,glaes,FZJ-IEK3-VSA/glaes,HELMHOLTZ
Global Benchmark Database (GBD),https://helmholtz.software/software/global-benchmark-database-gbd,https://github.com/Udopia/gbd,"['https://github.com/Udopia/gbdc', 'https://github.com/Udopia/gbd']",Udopia,gbd,Udopia/gbd,HELMHOLTZ
GMGPolar,https://helmholtz.software/software/gmgpolar,https://github.com/mknaranja/GMGPolar,['https://github.com/mknaranja/GMGPolar'],mknaranja,GMGPolar,mknaranja/GMGPolar,HELMHOLTZ
go-oidfed,https://helmholtz.software/software/go-oidfed,https://github.com/go-oidfed/lib,"['https://github.com/go-oidfed/whoami-rp', 'https://github.com/go-oidfed/lib', 'https://github.com/go-oidfed/offa', 'https://github.com/go-oidfed/lighthouse']",go-oidfed,lib,go-oidfed/lib,HELMHOLTZ
GOLEM,https://helmholtz.software/software/golem,https://github.com/ajacquey/golem,"['https://github.com/ajacquey/golem-examples', 'https://github.com/ajacquey/golem']",ajacquey,golem,ajacquey/golem,HELMHOLTZ
GR Framework,https://helmholtz.software/software/gr-framework,https://github.com/sciapp/gr,"['https://github.com/red-data-tools/GR.rb', 'https://github.com/sciapp/gr']",sciapp,gr,sciapp/gr,HELMHOLTZ
gravitools,https://helmholtz.software/software/gravitools,https://github.com/aewallin/allantools,"['https://github.com/Unidata/netcdf4-python', 'https://github.com/aewallin/allantools']",aewallin,allantools,aewallin/allantools,HELMHOLTZ
GSTools,https://helmholtz.software/software/gstools,https://github.com/dfm/emcee,"['https://github.com/GeoStat-Framework/GSTools-Core', 'https://github.com/GeoStat-Framework/GSTools', 'https://github.com/pyscience-projects/pyevtk', 'https://github.com/dfm/emcee', 'https://github.com/nschloe/meshio', 'https://github.com/ambv/black', 'https://github.com/steven-murray/hankel']",dfm,emcee,dfm/emcee,HELMHOLTZ
hCoCena - horizontal integration and analysis of transcriptomics datasets,https://helmholtz.software/software/hcocena,https://github.com/MarieOestreich/hCoCena,['https://github.com/MarieOestreich/hCoCena'],MarieOestreich,hCoCena,MarieOestreich/hCoCena,HELMHOLTZ
Heat,https://helmholtz.software/software/heat,https://github.com/helmholtz-analytics/heat,['https://github.com/helmholtz-analytics/heat'],helmholtz-analytics,heat,helmholtz-analytics/heat,HELMHOLTZ
hermes,https://helmholtz.software/software/hermes,https://github.com/softwarepub/hermes,['https://github.com/softwarepub/hermes'],softwarepub,hermes,softwarepub/hermes,HELMHOLTZ
Helmholtz Research Software Directory,https://helmholtz.software/software/hifis-rsd,https://github.com/research-software-directory/RSD-as-a-service,['https://github.com/research-software-directory/RSD-as-a-service'],research-software-directory,RSD-as-a-service,research-software-directory/RSD-as-a-service,HELMHOLTZ
Higgs-Dataset-Training,https://helmholtz.software/software/higgs-dataset-training,https://github.com/Ramy-Badr-Ahmed/Higgs-Dataset-Training,['https://github.com/Ramy-Badr-Ahmed/Higgs-Dataset-Training'],Ramy-Badr-Ahmed,Higgs-Dataset-Training,Ramy-Badr-Ahmed/Higgs-Dataset-Training,HELMHOLTZ
HilbertCurve,https://helmholtz.software/software/hilbertcurve,https://github.com/jokergoo/HilbertCurve,['https://github.com/jokergoo/HilbertCurve'],jokergoo,HilbertCurve,jokergoo/HilbertCurve,HELMHOLTZ
HIPSTA,https://helmholtz.software/software/hipsta,https://github.com/Deep-MI/hipsta,['https://github.com/Deep-MI/hipsta'],Deep-MI,hipsta,Deep-MI/hipsta,HELMHOLTZ
ETHOS.HiSim - Household Infrastructure and Building Simulator,https://helmholtz.software/software/hisim,https://github.com/FZJ-IEK3-VSA/HiSim,['https://github.com/FZJ-IEK3-VSA/HiSim'],FZJ-IEK3-VSA,HiSim,FZJ-IEK3-VSA/HiSim,HELMHOLTZ
hypersonic-effects,https://helmholtz.software/software/hypersonic-effects,https://github.com/johannespletzer/hypersonic-effects,['https://github.com/johannespletzer/hypersonic-effects'],johannespletzer,hypersonic-effects,johannespletzer/hypersonic-effects,HELMHOLTZ
Ideal-Equilibrium-Oxygen-Membrane-Reactor,https://helmholtz.software/software/ideal-equilibrium-oxygen-membrane-reactor,https://github.com/KabitGit/Ideal-Equilibrium-Oxygen-Membrane-Reactor,['https://github.com/KabitGit/Ideal-Equilibrium-Oxygen-Membrane-Reactor'],KabitGit,Ideal-Equilibrium-Oxygen-Membrane-Reactor,KabitGit/Ideal-Equilibrium-Oxygen-Membrane-Reactor,HELMHOLTZ
Independent Parallel Particle Layer (IPPL),https://helmholtz.software/software/independent-parallel-particle-layer-ippl,https://github.com/kokkos/kokkos,"['https://github.com/kokkos/kokkos', 'https://github.com/gcc-mirror/gcc', 'https://github.com/IPPL-framework/ippl', 'https://github.com/icl-utk-edu/heffte']",kokkos,kokkos,kokkos/kokkos,HELMHOLTZ
InteractiveComplexHeatmap,https://helmholtz.software/software/interactivecomplexheatmap,https://github.com/jokergoo/InteractiveComplexHeatmap,['https://github.com/jokergoo/InteractiveComplexHeatmap'],jokergoo,InteractiveComplexHeatmap,jokergoo/InteractiveComplexHeatmap,HELMHOLTZ
InteractiveVis,https://helmholtz.software/software/interactivevis,https://github.com/martindyrba/DeepLearningInteractiveVis,['https://github.com/martindyrba/DeepLearningInteractiveVis'],martindyrba,DeepLearningInteractiveVis,martindyrba/DeepLearningInteractiveVis,HELMHOLTZ
ioProc,https://helmholtz.software/software/ioproc,https://github.com/conda-forge/ioproc-feedstock,['https://github.com/conda-forge/ioproc-feedstock'],conda-forge,ioproc-feedstock,conda-forge/ioproc-feedstock,HELMHOLTZ
iqtools,https://helmholtz.software/software/iqtools,https://github.com/xaratustrah/iqtools,['https://github.com/xaratustrah/iqtools'],xaratustrah,iqtools,xaratustrah/iqtools,HELMHOLTZ
ISAAC,https://helmholtz.software/software/isaac,https://github.com/alpaka-group/alpaka,"['https://github.com/alpaka-group/alpaka', 'https://github.com/ComputationalRadiationPhysics/isaac', 'https://github.com/ComputationalRadiationPhysics/picongpu']",alpaka-group,alpaka,alpaka-group/alpaka,HELMHOLTZ
JEMRIS,https://helmholtz.software/software/jemris,https://github.com/JEMRIS/jemris,"['https://github.com/ismrmrd/ismrmrd', 'https://github.com/JEMRIS/jemris']",JEMRIS,jemris,JEMRIS/jemris,HELMHOLTZ
JPlag,https://helmholtz.software/software/jplag,https://github.com/jplag/JPlag,"['https://github.com/jplag/JPlag', 'https://github.com/jplag/JPlag/']",jplag,JPlag,jplag/JPlag,HELMHOLTZ
JUBE,https://helmholtz.software/software/jube,https://github.com/FZJ-JSC/JUBE,['https://github.com/FZJ-JSC/JUBE'],FZJ-JSC,JUBE,FZJ-JSC/JUBE,HELMHOLTZ
JuKKR,https://helmholtz.software/software/jukkr,https://github.com/JuDFTteam/JuKKR,['https://github.com/JuDFTteam/JuKKR'],JuDFTteam,JuKKR,JuDFTteam/JuKKR,HELMHOLTZ
Julearn,https://helmholtz.software/software/julearn,https://github.com/juaml/julearn,['https://github.com/juaml/julearn'],juaml,julearn,juaml/julearn,HELMHOLTZ
JumpDiff,https://helmholtz.software/software/jumpdiff,https://github.com/LRydin/jumpdiff,['https://github.com/LRydin/jumpdiff'],LRydin,jumpdiff,LRydin/jumpdiff,HELMHOLTZ
JuPedSim,https://helmholtz.software/software/jupedsim,https://github.com/PedestrianDynamics/jupedsim,['https://github.com/PedestrianDynamics/jupedsim'],PedestrianDynamics,jupedsim,PedestrianDynamics/jupedsim,HELMHOLTZ
JupyterHub Outpost,https://helmholtz.software/software/jupyterhub-outpost,https://github.com/NERSC/sshspawner,"['https://github.com/NERSC/sshspawner', 'https://github.com/kreuzert/jupyterhub-outpost', 'https://github.com/jupyterhub/kubespawner', 'https://github.com/jupyterhub/batchspawner', 'https://github.com/kreuzert/jupyterhub-outpostspawner/']",NERSC,sshspawner,NERSC/sshspawner,HELMHOLTZ
JupyterHub Outpostspawner,https://helmholtz.software/software/jupyterhub-outpostspawner,https://github.com/NERSC/sshspawner,"['https://github.com/NERSC/sshspawner', 'https://github.com/kreuzert/jupyterhub-outpost', 'https://github.com/jupyterhub/kubespawner', 'https://github.com/jupyterhub/batchspawner', 'https://github.com/kreuzert/jupyterhub-outpostspawner']",NERSC,sshspawner,NERSC/sshspawner,HELMHOLTZ
JURASSIC,https://helmholtz.software/software/jurassic,https://github.com/slcs-jsc/jurassic,['https://github.com/slcs-jsc/jurassic'],slcs-jsc,jurassic,slcs-jsc/jurassic,HELMHOLTZ
JURI,https://helmholtz.software/software/juri,https://github.com/FZJ-JSC/JURI,['https://github.com/FZJ-JSC/JURI'],FZJ-JSC,JURI,FZJ-JSC/JURI,HELMHOLTZ
Kaapana,https://helmholtz.software/software/kaapana,https://github.com/grafana/grafana,"['https://github.com/wasserth/TotalSegmentator', 'https://github.com/prometheus/prometheus', 'https://github.com/grafana/grafana', 'https://github.com/kaapana/kaapana', 'https://github.com/MIC-DKFZ/nnunet']",grafana,grafana,grafana/grafana,HELMHOLTZ
KaGen - Communication-free Massively Distributed Graph Generators,https://helmholtz.software/software/kagen-communication-free-massively-distributed-graph-generators,https://github.com/KaHIP/KaHIP,"['https://github.com/HPCGraphAnalysis/PuLP', 'https://github.com/sparsehash/sparsehash', 'https://github.com/KaHIP/KaHIP', 'https://github.com/KarlsruheGraphGeneration/KaGen']",KaHIP,KaHIP,KaHIP/KaHIP,HELMHOLTZ
KaHyPar,https://helmholtz.software/software/kahypar,https://github.com/KaHIP/KaHIP/,['https://github.com/KaHIP/KaHIP/'],KaHIP,KaHIP,KaHIP/KaHIP,HELMHOLTZ
KaMinPar,https://helmholtz.software/software/kaminpar,https://github.com/KaHIP/KaMinPar,['https://github.com/KaHIP/KaMinPar'],KaHIP,KaMinPar,KaHIP/KaMinPar,HELMHOLTZ
KaMPIng - Karlsruhe MPI next generation,https://helmholtz.software/software/kamping-karlsruhe-mpi-next-generation,https://github.com/kamping-site/kamping,['https://github.com/kamping-site/kamping'],kamping-site,kamping,kamping-site/kamping,HELMHOLTZ
KaRRi - Karlsruhe Rapid Ridesharing,https://helmholtz.software/software/karri,https://github.com/molaupi/karri,['https://github.com/molaupi/karri'],molaupi,karri,molaupi/karri,HELMHOLTZ
KD-Tree-Python,https://helmholtz.software/software/kd-tree-python,https://github.com/Ramy-Badr-Ahmed/KD-Tree-Matlab,"['https://github.com/Ramy-Badr-Ahmed/KD-Tree-Matlab', 'https://github.com/Ramy-Badr-Ahmed/KD-Tree-Python']",Ramy-Badr-Ahmed,KD-Tree-Matlab,Ramy-Badr-Ahmed/KD-Tree-Matlab,HELMHOLTZ
KeY,https://helmholtz.software/software/key,https://github.com/keyproject/key,"['https://github.com/KeYProject/key-symbex-example', 'https://github.com/KeYProject/verification-project-template', 'https://github.com/keyproject/key', 'https://github.com/KeYProject/key-java-example']",keyproject,key,keyproject/key,HELMHOLTZ
KeYmaera X,https://helmholtz.software/software/keymaera-x,https://github.com/LS-Lab/Coq-dL,"['https://github.com/LS-Lab/KeYmaeraX-release', 'https://github.com/LS-Lab/Isabelle-dL', 'https://github.com/LS-Lab/Coq-dL']",LS-Lab,Coq-dL,LS-Lab/Coq-dL,HELMHOLTZ
kramersmoyal,https://helmholtz.software/software/kramersmoyal,https://github.com/LRydin/KramersMoyal,['https://github.com/LRydin/KramersMoyal'],LRydin,KramersMoyal,LRydin/KramersMoyal,HELMHOLTZ
LaPy,https://helmholtz.software/software/lapy,https://github.com/Deep-MI/lapy,['https://github.com/Deep-MI/lapy'],Deep-MI,lapy,Deep-MI/lapy,HELMHOLTZ
LiberTEM,https://helmholtz.software/software/libertem,https://github.com/ercius/openNCEM,"['https://github.com/LiberTEM/LiberTEM-live', 'https://github.com/LiberTEM/LiberTEM/', 'https://github.com/ercius/openNCEM']",ercius,openNCEM,ercius/openNCEM,HELMHOLTZ
LightHouse,https://helmholtz.software/software/lighthouse,https://github.com/go-oidfed/lib,"['https://github.com/go-oidfed/lib', 'https://github.com/go-oidfed/offa', 'https://github.com/go-oidfed/lighthouse', 'https://github.com/go-oidfed/whoami-rp']",go-oidfed,lib,go-oidfed/lib,HELMHOLTZ
Lightning UQ Box,https://helmholtz.software/software/lightning-uq-box,https://github.com/lightning-uq-box/lightning-uq-box,['https://github.com/lightning-uq-box/lightning-uq-box'],lightning-uq-box,lightning-uq-box,lightning-uq-box/lightning-uq-box,HELMHOLTZ
LiSSA,https://helmholtz.software/software/lissa,https://github.com/ardoco/lissa-ratlr,['https://github.com/ardoco/lissa-ratlr'],ardoco,lissa-ratlr,ardoco/lissa-ratlr,HELMHOLTZ
LLAMA,https://helmholtz.software/software/llama,https://github.com/alpaka-group/llama,"['https://github.com/alpaka-group/alpaka', 'https://github.com/alpaka-group/llama']",alpaka-group,llama,alpaka-group/llama,HELMHOLTZ
LLview,https://helmholtz.software/software/llview,https://github.com/FZJ-JSC/LLview,['https://github.com/FZJ-JSC/LLview'],FZJ-JSC,LLview,FZJ-JSC/LLview,HELMHOLTZ
LYNX,https://helmholtz.software/software/lynx,https://github.com/ajacquey/lynx,"['https://github.com/ajacquey/golem', 'https://github.com/ajacquey/lynx']",ajacquey,lynx,ajacquey/lynx,HELMHOLTZ
maftools,https://helmholtz.software/software/maftools,https://github.com/brentp/mosdepth,"['https://github.com/PoisonAlien/maftools', 'https://github.com/brentp/mosdepth', 'https://github.com/VanLoo-lab/ascat']",brentp,mosdepth,brentp/mosdepth,HELMHOLTZ
Mainzelliste,https://helmholtz.software/software/mainzelliste,https://github.com/medicalinformatics/mainzelliste-gui/,['https://github.com/medicalinformatics/mainzelliste-gui/'],medicalinformatics,mainzelliste-gui,medicalinformatics/mainzelliste-gui,HELMHOLTZ
Mallob,https://helmholtz.software/software/mallob,https://github.com/domschrei/mallob,['https://github.com/domschrei/mallob'],domschrei,mallob,domschrei/mallob,HELMHOLTZ
mallocMC,https://helmholtz.software/software/mallocmc,https://github.com/alpaka-group/alpaka,"['https://github.com/alpaka-group/alpaka', 'https://github.com/alpaka-group/mallocMC', 'https://github.com/ComputationalRadiationPhysics/picongpu']",alpaka-group,alpaka,alpaka-group/alpaka,HELMHOLTZ
MassBank,https://helmholtz.software/software/massbank,https://github.com/MassBank/MassBank-web,"['https://github.com/MassBank/MassBank-web', 'https://github.com/MassBank/MassBank-data']",MassBank,MassBank-web,MassBank/MassBank-web,HELMHOLTZ
Materials Learning Algorithms,https://helmholtz.software/software/materials-learning-algorithms,https://github.com/mala-project/mala,['https://github.com/mala-project/mala'],mala-project,mala,mala-project/mala,HELMHOLTZ
matRad,https://helmholtz.software/software/matrad,https://github.com/e0404/matRad,['https://github.com/e0404/matRad'],e0404,matRad,e0404/matRad,HELMHOLTZ
me-compute,https://helmholtz.software/software/me-compute,https://github.com/rizac/me-compute,"['https://github.com/rizac/me-compute', 'https://github.com/rizac/stream2segment']",rizac,me-compute,rizac/me-compute,HELMHOLTZ
MemBrain v2,https://helmholtz.software/software/membrain-v2,https://github.com/teamtomo/membrain-seg,['https://github.com/teamtomo/membrain-seg'],teamtomo,membrain-seg,teamtomo/membrain-seg,HELMHOLTZ
MEmilio,https://helmholtz.software/software/memilio,https://github.com/SciCompMod/memilio,['https://github.com/SciCompMod/memilio'],SciCompMod,memilio,SciCompMod/memilio,HELMHOLTZ
MemRBC,https://helmholtz.software/software/memrbc,https://github.com/atfric/MemRBC,['https://github.com/atfric/MemRBC'],atfric,MemRBC,atfric/MemRBC,HELMHOLTZ
Merkle-DAG-Matlab,https://helmholtz.software/software/merkle-dag-matlab,https://github.com/Ramy-Badr-Ahmed/Merkle-DAG-Matlab,['https://github.com/Ramy-Badr-Ahmed/Merkle-DAG-Matlab'],Ramy-Badr-Ahmed,Merkle-DAG-Matlab,Ramy-Badr-Ahmed/Merkle-DAG-Matlab,HELMHOLTZ
MeshIt,https://helmholtz.software/software/meshit,https://github.com/bloech/MeshIt,['https://github.com/bloech/MeshIt'],bloech,MeshIt,bloech/MeshIt,HELMHOLTZ
MetaStore,https://helmholtz.software/software/metastore,https://github.com/kit-data-manager/base-repo,"['https://github.com/kit-data-manager/base-repo', 'https://github.com/kit-data-manager/metastore2']",kit-data-manager,base-repo,kit-data-manager/base-repo,HELMHOLTZ
methylKit,https://helmholtz.software/software/methylkit,https://github.com/al2na/methylKit,['https://github.com/al2na/methylKit'],al2na,methylKit,al2na/methylKit,HELMHOLTZ
MFDFA,https://helmholtz.software/software/mfdfa,https://github.com/LRydin/MFDFA,['https://github.com/LRydin/MFDFA'],LRydin,MFDFA,LRydin/MFDFA,HELMHOLTZ
Mibianto,https://helmholtz.software/software/mibianto,https://github.com/ccb-sb/mibianto,['https://github.com/ccb-sb/mibianto'],ccb-sb,mibianto,ccb-sb/mibianto,HELMHOLTZ
micromechanics-indentationGUI,https://helmholtz.software/software/micromechanics-indentationgui,https://github.com/micromechanics/indentationGUI,['https://github.com/micromechanics/indentationGUI'],micromechanics,indentationGUI,micromechanics/indentationGUI,HELMHOLTZ
Minion,https://helmholtz.software/software/minion,https://github.com/khoirulmuzakka/Minion,['https://github.com/khoirulmuzakka/Minion'],khoirulmuzakka,Minion,khoirulmuzakka/Minion,HELMHOLTZ
Minterpy,https://helmholtz.software/software/minterpy,https://github.com/casus/minterpy,['https://github.com/casus/minterpy'],casus,minterpy,casus/minterpy,HELMHOLTZ
MIRP,https://helmholtz.software/software/mirp,https://github.com/oncoray/mirp,['https://github.com/oncoray/mirp'],oncoray,mirp,oncoray/mirp,HELMHOLTZ
Medical Imaging Interaction Toolkit (MITK),https://helmholtz.software/software/mitk,https://github.com/MITK/MITK,['https://github.com/MITK/MITK'],MITK,MITK,MITK/MITK,HELMHOLTZ
MO|DE.behave,https://helmholtz.software/software/mode-behave,https://github.com/julianreul/mode_behave,['https://github.com/julianreul/mode_behave'],julianreul,mode_behave,julianreul/mode_behave,HELMHOLTZ
MPTRAC,https://helmholtz.software/software/mptrac,https://github.com/slcs-jsc/mptrac,['https://github.com/slcs-jsc/mptrac'],slcs-jsc,mptrac,slcs-jsc/mptrac,HELMHOLTZ
MSS - Mission Support System,https://helmholtz.software/software/mss,https://github.com/Open-MSS/MSS,['https://github.com/Open-MSS/MSS'],Open-MSS,MSS,Open-MSS/MSS,HELMHOLTZ
MTRESS,https://helmholtz.software/software/mtress,https://github.com/mtress/mtress,['https://github.com/mtress/mtress'],mtress,mtress,mtress/mtress,HELMHOLTZ
mytoken,https://helmholtz.software/software/mytoken,https://github.com/oidc-mytoken/lib,"['https://github.com/oidc-mytoken/client', 'https://github.com/oidc-mytoken/lib', 'https://github.com/oidc-mytoken/server']",oidc-mytoken,lib,oidc-mytoken/lib,HELMHOLTZ
NEST,https://helmholtz.software/software/nest,https://github.com/nest/nest-simulator,['https://github.com/nest/nest-simulator'],nest,nest-simulator,nest/nest-simulator,HELMHOLTZ
NESTML,https://helmholtz.software/software/nest-ml,https://github.com/nest/nestml,['https://github.com/nest/nestml'],nest,nestml,nest/nestml,HELMHOLTZ
nnU-Net,https://helmholtz.software/software/nnu-net,https://github.com/MIC-DKFZ/nnUNet,['https://github.com/MIC-DKFZ/nnUNet'],MIC-DKFZ,nnUNet,MIC-DKFZ/nnUNet,HELMHOLTZ
Nodejs-TCP-Server-Client,https://helmholtz.software/software/nodejs-tcp-server-client,https://github.com/Ramy-Badr-Ahmed/node-tls,"['https://github.com/Ramy-Badr-Ahmed/node-tls', 'https://github.com/Ramy-Badr-Ahmed/Nodejs-TCP-Server-Client']",Ramy-Badr-Ahmed,node-tls,Ramy-Badr-Ahmed/node-tls,HELMHOLTZ
Nodejs-TLS-Server-Client,https://helmholtz.software/software/nodejs-tls-server-client,https://github.com/Ramy-Badr-Ahmed/node-tcp,"['https://github.com/Ramy-Badr-Ahmed/node-tcp', 'https://github.com/Ramy-Badr-Ahmed/Nodejs-TLS-Server-Client']",Ramy-Badr-Ahmed,node-tcp,Ramy-Badr-Ahmed/node-tcp,HELMHOLTZ
NovaCrate,https://helmholtz.software/software/novacrate,https://github.com/kit-data-manager/NovaCrate,['https://github.com/kit-data-manager/NovaCrate'],kit-data-manager,NovaCrate,kit-data-manager/NovaCrate,HELMHOLTZ
novoSpaRc,https://helmholtz.software/software/novosparc,https://github.com/rajewsky-lab/novosparc,['https://github.com/rajewsky-lab/novosparc'],rajewsky-lab,novosparc,rajewsky-lab/novosparc,HELMHOLTZ
oemof.solph,https://helmholtz.software/software/oemof-solph,https://github.com/oemof/oemof-solph/,['https://github.com/oemof/oemof-solph/'],oemof,oemof-solph,oemof/oemof-solph,HELMHOLTZ
OFFA,https://helmholtz.software/software/offa,https://github.com/go-oidfed/offa,['https://github.com/go-oidfed/offa'],go-oidfed,offa,go-oidfed/offa,HELMHOLTZ
oidc-agent,https://helmholtz.software/software/oidc-agent,https://github.com/indigo-dc/oidc-agent,['https://github.com/indigo-dc/oidc-agent'],indigo-dc,oidc-agent,indigo-dc/oidc-agent,HELMHOLTZ
openFuelCell2,https://helmholtz.software/software/openfuelcell2,https://github.com/openFuelCell2/openFuelCell2,['https://github.com/openFuelCell2/openFuelCell2'],openFuelCell2,openFuelCell2,openFuelCell2/openFuelCell2,HELMHOLTZ
openPMD-api,https://helmholtz.software/software/openpmd-api,https://github.com/openPMD/openPMD-api/,['https://github.com/openPMD/openPMD-api/'],openPMD,openPMD-api,openPMD/openPMD-api,HELMHOLTZ
ParFlow,https://helmholtz.software/software/parflow,https://github.com/parflow/parflow,['https://github.com/parflow/parflow'],parflow,parflow,parflow/parflow,HELMHOLTZ
pasta::bit_vector,https://helmholtz.software/software/pasta-bit-vector,https://github.com/pasta-toolbox/bit_vector/,"['https://github.com/pasta-toolbox/bit_vector/', 'https://github.com/pasta-toolbox/bit_vector_experiments']",pasta-toolbox,bit_vector,pasta-toolbox/bit_vector,HELMHOLTZ
PDAF,https://helmholtz.software/software/pdaf,https://github.com/PDAF/PDAF,"['https://github.com/BoldingBruggeman/eat/', 'https://github.com/HPSCTerrSys/TSMP', 'https://github.com/PDAF/PDAF']",PDAF,PDAF,PDAF/PDAF,HELMHOLTZ
PeakPerformance,https://helmholtz.software/software/peakperformance,https://github.com/JuBiotech/peak-performance,['https://github.com/JuBiotech/peak-performance'],JuBiotech,peak-performance,JuBiotech/peak-performance,HELMHOLTZ
PedPy,https://helmholtz.software/software/pedpy,https://github.com/astral-sh/ruff,"['https://github.com/PedestrianDynamics/PedPy', 'https://github.com/astral-sh/ruff']",astral-sh,ruff,astral-sh/ruff,HELMHOLTZ
PeriHub,https://helmholtz.software/software/perihub,https://github.com/PeriHub/PeriHub,['https://github.com/PeriHub/PeriHub'],PeriHub,PeriHub,PeriHub/PeriHub,HELMHOLTZ
PeriLab,https://helmholtz.software/software/perilab,https://github.com/PeriHub/PeriLab.jl,"['https://github.com/PeriHub/PeriLab.jl', 'https://github.com/JuliaTesting/Aqua.jl']",PeriHub,PeriLab.jl,PeriHub/PeriLab.jl,HELMHOLTZ
perun,https://helmholtz.software/software/perun,https://github.com/Helmholtz-AI-Energy/perun,['https://github.com/Helmholtz-AI-Energy/perun'],Helmholtz-AI-Energy,perun,Helmholtz-AI-Energy/perun,HELMHOLTZ
php-codemeta-crosswalk,https://helmholtz.software/software/php-codemeta-crosswalk,https://github.com/Ramy-Badr-Ahmed/php-codemeta-crosswalk,['https://github.com/Ramy-Badr-Ahmed/php-codemeta-crosswalk'],Ramy-Badr-Ahmed,php-codemeta-crosswalk,Ramy-Badr-Ahmed/php-codemeta-crosswalk,HELMHOLTZ
Prospective Monitoring and Management - App (PIA),https://helmholtz.software/software/pia,https://github.com/hzi-braunschweig/pia-system,['https://github.com/hzi-braunschweig/pia-system'],hzi-braunschweig,pia-system,hzi-braunschweig/pia-system,HELMHOLTZ
PIConGPU,https://helmholtz.software/software/picongpu,https://github.com/alpaka-group/llama,"['https://github.com/alpaka-group/alpaka', 'https://github.com/picmi-standard/picmi', 'https://github.com/alpaka-group/llama', 'https://github.com/ComputationalRadiationPhysics/picongpu', 'https://github.com/ComputationalRadiationPhysics/isaac']",alpaka-group,llama,alpaka-group/llama,HELMHOLTZ
PiGx,https://helmholtz.software/software/pigx,https://github.com/BIMSBbioinfo/pigx,"['https://github.com/BIMSBbioinfo/pigx_chipseq', 'https://github.com/BIMSBbioinfo/pigx_bsseq', 'https://github.com/BIMSBbioinfo/pigx_scrnaseq', 'https://github.com/BIMSBbioinfo/pigx', 'https://github.com/BIMSBbioinfo/pigx_rnaseq', 'https://github.com/BIMSBbioinfo/pigx_crispr']",BIMSBbioinfo,pigx,BIMSBbioinfo/pigx,HELMHOLTZ
pkgndep,https://helmholtz.software/software/pkgndep,https://github.com/jokergoo/cola/,"['https://github.com/jokergoo/pkgndep', 'https://github.com/jokergoo/cola/']",jokergoo,cola,jokergoo/cola,HELMHOLTZ
PointNeighbors.jl,https://helmholtz.software/software/pointneighborsjl,https://github.com/SciML/SciMLStyle,"['https://github.com/SciML/SciMLStyle', 'https://github.com/trixi-framework/PointNeighbors.jl', 'https://github.com/kaipartmann/Peridynamics.jl', 'https://github.com/trixi-framework/TrixiParticles.jl', 'https://github.com/PeriHub/PeriLab.jl']",SciML,SciMLStyle,SciML/SciMLStyle,HELMHOLTZ
PostWRF,https://helmholtz.software/software/postwrf,https://github.com/anikfal/PostWRF,['https://github.com/anikfal/PostWRF'],anikfal,PostWRF,anikfal/PostWRF,HELMHOLTZ
Propulate,https://helmholtz.software/software/propulate,https://github.com/astral-sh/ruff,"['https://github.com/Helmholtz-AI-Energy/propulate', 'https://github.com/astral-sh/ruff']",astral-sh,ruff,astral-sh/ruff,HELMHOLTZ
PtyLab.m/py/jl,https://helmholtz.software/software/ptylab,https://github.com/PtyLab/PtyLab.py,['https://github.com/PtyLab/PtyLab.py'],PtyLab,PtyLab.py,PtyLab/PtyLab.py,HELMHOLTZ
py-cordex,https://helmholtz.software/software/py-cordex,https://github.com/audreyr/cookiecutter,"['https://github.com/audreyr/cookiecutter-pypackage', 'https://github.com/WCRP-CORDEX/cordex-cmip6-data-request', 'https://github.com/audreyr/cookiecutter', 'https://github.com/euro-cordex/py-cordex']",audreyr,cookiecutter,audreyr/cookiecutter,HELMHOLTZ
PyAPI-RTS,https://helmholtz.software/software/pyapi-rts,https://github.com/KIT-IAI/PyAPI-RTS,['https://github.com/KIT-IAI/PyAPI-RTS'],KIT-IAI,PyAPI-RTS,KIT-IAI/PyAPI-RTS,HELMHOLTZ
pycomlink,https://helmholtz.software/software/pycomlink,https://github.com/pycomlink/pycomlink,['https://github.com/pycomlink/pycomlink'],pycomlink,pycomlink,pycomlink/pycomlink,HELMHOLTZ
pydidas,https://helmholtz.software/software/pydidas,https://github.com/hereon-GEMS/pydidas/,['https://github.com/hereon-GEMS/pydidas/'],hereon-GEMS,pydidas,hereon-GEMS/pydidas,HELMHOLTZ
pyGMS,https://helmholtz.software/software/pygms,https://github.com/cmeessen/pyGMS,['https://github.com/cmeessen/pyGMS'],cmeessen,pyGMS,cmeessen/pyGMS,HELMHOLTZ
PyPlaque,https://helmholtz.software/software/pyplaque,https://github.com/plaque2/PyPlaque,['https://github.com/plaque2/PyPlaque'],plaque2,PyPlaque,plaque2/PyPlaque,HELMHOLTZ
pySDC,https://helmholtz.software/software/pysdc,https://github.com/Parallel-in-Time/pySDC,"['https://github.com/jakob-fritz/github2lab_action', 'https://github.com/Parallel-in-Time/pySDC']",Parallel-in-Time,pySDC,Parallel-in-Time/pySDC,HELMHOLTZ
python-icat,https://helmholtz.software/software/python-icat,https://github.com/icatproject/python-icat,['https://github.com/icatproject/python-icat'],icatproject,python-icat,icatproject/python-icat,HELMHOLTZ
QUAST,https://helmholtz.software/software/quast,https://github.com/ablab/quast/,['https://github.com/ablab/quast/'],ablab,quast,ablab/quast,HELMHOLTZ
Radiative forcing of hypersonic aircraft trajectories,https://helmholtz.software/software/radiative-forcing-of-hypersonic-aircraft-trajectories,https://github.com/johannespletzer/rf-of-hypersonic-trajectories/,['https://github.com/johannespletzer/rf-of-hypersonic-trajectories/'],johannespletzer,rf-of-hypersonic-trajectories,johannespletzer/rf-of-hypersonic-trajectories,HELMHOLTZ
RadPlanBio,https://helmholtz.software/software/radplanbio,https://github.com/ddRPB/rpb,['https://github.com/ddRPB/rpb'],ddRPB,rpb,ddRPB/rpb,HELMHOLTZ
RAFCON,https://helmholtz.software/software/rafcon,https://github.com/DLR-RM/RAFCON,['https://github.com/DLR-RM/RAFCON'],DLR-RM,RAFCON,DLR-RM/RAFCON,HELMHOLTZ
Random-Simplex,https://helmholtz.software/software/random-simplex,https://github.com/Ramy-Badr-Ahmed/Random-Simplex,['https://github.com/Ramy-Badr-Ahmed/Random-Simplex'],Ramy-Badr-Ahmed,Random-Simplex,Ramy-Badr-Ahmed/Random-Simplex,HELMHOLTZ
Rankings Reloaded,https://helmholtz.software/software/rankings-reloaded,https://github.com/wiesenfa/challengeR,['https://github.com/wiesenfa/challengeR'],wiesenfa,challengeR,wiesenfa/challengeR,HELMHOLTZ
RAYX,https://helmholtz.software/software/rayx,https://github.com/hz-b/rayx,['https://github.com/hz-b/rayx'],hz-b,rayx,hz-b/rayx,HELMHOLTZ
RCE,https://helmholtz.software/software/rce,https://github.com/rcenvironment/rce,['https://github.com/rcenvironment/rce'],rcenvironment,rce,rcenvironment/rce,HELMHOLTZ
react-search-component,https://helmholtz.software/software/react-search-component,https://github.com/kit-data-manager/react-search-component,['https://github.com/kit-data-manager/react-search-component'],kit-data-manager,react-search-component,kit-data-manager/react-search-component,HELMHOLTZ
Reflectorch,https://helmholtz.software/software/reflectorch,https://github.com/schreiber-lab/reflectorch,['https://github.com/schreiber-lab/reflectorch'],schreiber-lab,reflectorch,schreiber-lab/reflectorch,HELMHOLTZ
ReStore,https://helmholtz.software/software/restore,https://github.com/ReStoreCpp/ReStore,['https://github.com/ReStoreCpp/ReStore'],ReStoreCpp,ReStore,ReStoreCpp/ReStore,HELMHOLTZ
rGREAT,https://helmholtz.software/software/rgreat,https://github.com/jokergoo/rGREAT,['https://github.com/jokergoo/rGREAT'],jokergoo,rGREAT,jokergoo/rGREAT,HELMHOLTZ
RiboDetector,https://helmholtz.software/software/ribodetector,https://github.com/hzi-bifo/RiboDetector,['https://github.com/hzi-bifo/RiboDetector'],hzi-bifo,RiboDetector,hzi-bifo/RiboDetector,HELMHOLTZ
RO Crate Java,https://helmholtz.software/software/ro-crate-java,https://github.com/kit-data-manager/ro-crate-java,['https://github.com/kit-data-manager/ro-crate-java'],kit-data-manager,ro-crate-java,kit-data-manager/ro-crate-java,HELMHOLTZ
RTLola Frontend,https://helmholtz.software/software/rtlola-frontend,https://github.com/reactive-systems/RTLola-Frontend,['https://github.com/reactive-systems/RTLola-Frontend'],reactive-systems,RTLola-Frontend,reactive-systems/RTLola-Frontend,HELMHOLTZ
RTLola Interpreter,https://helmholtz.software/software/rtlola-interpreter,https://github.com/reactive-systems/RTLola-Interpreter,['https://github.com/reactive-systems/RTLola-Interpreter'],reactive-systems,RTLola-Interpreter,reactive-systems/RTLola-Interpreter,HELMHOLTZ
S2Downloader,https://helmholtz.software/software/s2downloader,https://github.com/audreyr/cookiecutter,"['https://github.com/fernlab/cookiecutter-pypackage', 'https://github.com/audreyr/cookiecutter']",audreyr,cookiecutter,audreyr/cookiecutter,HELMHOLTZ
SampleDB,https://helmholtz.software/software/sampledb,https://github.com/sciapp/sampledb,['https://github.com/sciapp/sampledb'],sciapp,sampledb,sciapp/sampledb,HELMHOLTZ
SARvey - survey with SAR,https://helmholtz.software/software/sarvey,https://github.com/luhipi/sarvey,['https://github.com/luhipi/sarvey'],luhipi,sarvey,luhipi/sarvey,HELMHOLTZ
scanpy,https://helmholtz.software/software/scanpy,https://github.com/scverse/scanpy,['https://github.com/scverse/scanpy'],scverse,scanpy,scverse/scanpy,HELMHOLTZ
SciTS,https://helmholtz.software/software/scits,https://github.com/jalalmostafa/SciTS,"['https://github.com/jalalmostafa/SciTS', 'https://github.com/nicolargo/glances/']",jalalmostafa,SciTS,jalalmostafa/SciTS,HELMHOLTZ
scPower,https://helmholtz.software/software/scpower,https://github.com/heiniglab/scPower,['https://github.com/heiniglab/scPower'],heiniglab,scPower,heiniglab/scPower,HELMHOLTZ
sdaas,https://helmholtz.software/software/sdaas,https://github.com/rizac/sdaas,['https://github.com/rizac/sdaas'],rizac,sdaas,rizac/sdaas,HELMHOLTZ
SeisBench: A toolbox for machine learning in seismology,https://helmholtz.software/software/seisbench,https://github.com/seisbench/seisbench,['https://github.com/seisbench/seisbench'],seisbench,seisbench,seisbench/seisbench,HELMHOLTZ
ShockHash,https://helmholtz.software/software/shockhash,https://github.com/ByteHamster/ShockHash,['https://github.com/ByteHamster/ShockHash'],ByteHamster,ShockHash,ByteHamster/ShockHash,HELMHOLTZ
SicHash,https://helmholtz.software/software/sichash,https://github.com/lorenzhs/BuRR,"['https://github.com/ByteHamster/MPHF-Experiments', 'https://github.com/ByteHamster/SicHash', 'https://github.com/lorenzhs/BuRR']",lorenzhs,BuRR,lorenzhs/BuRR,HELMHOLTZ
Signal-Processor,https://helmholtz.software/software/signal-processor,https://github.com/Ramy-Badr-Ahmed/Signal-Processor,['https://github.com/Ramy-Badr-Ahmed/Signal-Processor'],Ramy-Badr-Ahmed,Signal-Processor,Ramy-Badr-Ahmed/Signal-Processor,HELMHOLTZ
SimCATS,https://helmholtz.software/software/simcats,https://github.com/f-hader/SimCATS/,['https://github.com/f-hader/SimCATS/'],f-hader,SimCATS,f-hader/SimCATS,HELMHOLTZ
simona,https://helmholtz.software/software/simona,https://github.com/jokergoo/simona,['https://github.com/jokergoo/simona'],jokergoo,simona,jokergoo/simona,HELMHOLTZ
SIMPA - The toolkit for Simulation and Image Processing for Photonics and Acoustics,https://helmholtz.software/software/simpa,https://github.com/IMSY-DKFZ/simpa,['https://github.com/IMSY-DKFZ/simpa'],IMSY-DKFZ,simpa,IMSY-DKFZ/simpa,HELMHOLTZ
simplifyEnrichment,https://helmholtz.software/software/simplifyenrichment,https://github.com/jokergoo/simplifyEnrichment,['https://github.com/jokergoo/simplifyEnrichment'],jokergoo,simplifyEnrichment,jokergoo/simplifyEnrichment,HELMHOLTZ
simtools,https://helmholtz.software/software/simtools,https://github.com/gammasim/simtools/,['https://github.com/gammasim/simtools/'],gammasim,simtools,gammasim/simtools,HELMHOLTZ
SMASH - A hadronic transport approach,https://helmholtz.software/software/smash,https://github.com/smash-transport/smash,"['https://github.com/smash-transport/smash-vhlle-hybrid', 'https://github.com/smash-transport/smash']",smash-transport,smash,smash-transport/smash,HELMHOLTZ
SMG2S,https://helmholtz.software/software/smg2s,https://github.com/SMG2S/SMG2S,['https://github.com/SMG2S/SMG2S'],SMG2S,SMG2S,SMG2S/SMG2S,HELMHOLTZ
somesy,https://helmholtz.software/software/somesy,https://github.com/Materials-Data-Science-and-Informatics/somesy,['https://github.com/Materials-Data-Science-and-Informatics/somesy'],Materials-Data-Science-and-Informatics,somesy,Materials-Data-Science-and-Informatics/somesy,HELMHOLTZ
SpatialData framework,https://helmholtz.software/software/spatialdata-framework,https://github.com/vitessce/vitessce,"['https://github.com/vitessce/vitessce', 'https://github.com/gustaveroussy/sopa', 'https://github.com/scverse/spatialdata-io', 'https://github.com/scverse/spatialdata/', 'https://github.com/scverse/spatialdata-plot', 'https://github.com/ckmah/bento-tools', 'https://github.com/haniffalab/webatlas-pipeline', 'https://github.com/scverse/napari-spatialdata']",vitessce,vitessce,vitessce/vitessce,HELMHOLTZ
spiralize,https://helmholtz.software/software/spiralize,https://github.com/jokergoo/spiralize,['https://github.com/jokergoo/spiralize'],jokergoo,spiralize,jokergoo/spiralize,HELMHOLTZ
spirit,https://helmholtz.software/software/spirit,https://github.com/spirit-code/spirit,"['https://github.com/spirit-code/spirit', 'https://github.com/FlorianRhiem/VFRendering']",spirit-code,spirit,spirit-code/spirit,HELMHOLTZ
Stable-Baselines3,https://helmholtz.software/software/stable-baselines3,https://github.com/psf/black,"['https://github.com/DLR-RM/stable-baselines3', 'https://github.com/psf/black', 'https://github.com/araffin/sbx', 'https://github.com/hill-a/stable-baselines', 'https://github.com/Stable-Baselines-Team/stable-baselines3-contrib', 'https://github.com/araffin/rl-tutorial-jnrr19', 'https://github.com/DLR-RM/rl-baselines3-zoo']",psf,black,psf/black,HELMHOLTZ
stream2segment,https://helmholtz.software/software/stream2segment,https://github.com/rizac/stream2segment,['https://github.com/rizac/stream2segment'],rizac,stream2segment,rizac/stream2segment,HELMHOLTZ
SUMO,https://helmholtz.software/software/sumo,https://github.com/eclipse-sumo/sumo,['https://github.com/eclipse-sumo/sumo'],eclipse-sumo,sumo,eclipse-sumo/sumo,HELMHOLTZ
supersonic-effects,https://helmholtz.software/software/supersonic-effects,https://github.com/johannespletzer/supersonic-effects/,['https://github.com/johannespletzer/supersonic-effects/'],johannespletzer,supersonic-effects,johannespletzer/supersonic-effects,HELMHOLTZ
supervillain,https://helmholtz.software/software/supervillain,https://github.com/evanberkowitz/supervillain,['https://github.com/evanberkowitz/supervillain'],evanberkowitz,supervillain,evanberkowitz/supervillain,HELMHOLTZ
SWH-Client,https://helmholtz.software/software/swh-client,https://github.com/Ramy-Badr-Ahmed/php-swh-client,['https://github.com/Ramy-Badr-Ahmed/php-swh-client'],Ramy-Badr-Ahmed,php-swh-client,Ramy-Badr-Ahmed/php-swh-client,HELMHOLTZ
t8code,https://helmholtz.software/software/t8code,https://github.com/DLR-AMR/t8code,"['https://github.com/DLR-AMR/T8code.jl', 'https://github.com/DLR-AMR/t8code']",DLR-AMR,t8code,DLR-AMR/t8code,HELMHOLTZ
Tamarin Prover,https://helmholtz.software/software/tamarin-prover,https://github.com/tamarin-prover/tamarin-prover,['https://github.com/tamarin-prover/tamarin-prover'],tamarin-prover,tamarin-prover,tamarin-prover/tamarin-prover,HELMHOLTZ
TBT-Segmentation,https://helmholtz.software/software/tbt-segmentation,https://github.com/DLR-FT/TBT-Segmentation,['https://github.com/DLR-FT/TBT-Segmentation'],DLR-FT,TBT-Segmentation,DLR-FT/TBT-Segmentation,HELMHOLTZ
TiGL,https://helmholtz.software/software/tigl,https://github.com/DLR-SC/tigl,"['https://github.com/DLR-SC/tigl', 'https://github.com/DLR-LY/CPACS']",DLR-SC,tigl,DLR-SC/tigl,HELMHOLTZ
Tigramite,https://helmholtz.software/software/tigramite,https://github.com/jakobrunge/tigramite,['https://github.com/jakobrunge/tigramite'],jakobrunge,tigramite,jakobrunge/tigramite,HELMHOLTZ
TiXI,https://helmholtz.software/software/tixi,https://github.com/DLR-SC/tixi,['https://github.com/DLR-SC/tixi'],DLR-SC,tixi,DLR-SC/tixi,HELMHOLTZ
TomoBEAR,https://helmholtz.software/software/tomobear,https://github.com/rkms86/SUSAN,"['https://github.com/rkms86/SUSAN', 'https://github.com/KudryashevLab/TomoBEAR']",rkms86,SUSAN,rkms86/SUSAN,HELMHOLTZ
PaN Training Catalogue for the Photon & Neutron Community,https://helmholtz.software/software/training-catalogue-for-photon-neutron,https://github.com/pan-training/training-catalogue,['https://github.com/pan-training/training-catalogue'],pan-training,training-catalogue,pan-training/training-catalogue,HELMHOLTZ
TREAMS,https://helmholtz.software/software/treams,https://github.com/tfp-photonics/treams,['https://github.com/tfp-photonics/treams'],tfp-photonics,treams,tfp-photonics/treams,HELMHOLTZ
TRIDEC Cloud,https://helmholtz.software/software/tridec-cloud,https://github.com/locationtech-archived/geoperil,['https://github.com/locationtech-archived/geoperil'],locationtech-archived,geoperil,locationtech-archived/geoperil,HELMHOLTZ
Trimmomatic,https://helmholtz.software/software/trimmomatic,https://github.com/usadellab/Trimmomatic,['https://github.com/usadellab/Trimmomatic'],usadellab,Trimmomatic,usadellab/Trimmomatic,HELMHOLTZ
Trixi.jl,https://helmholtz.software/software/trixijl,https://github.com/cburstedde/p4est,"['https://github.com/JuliaPlots/Plots.jl', 'https://github.com/adrhill/SparseConnectivityTracer.jl', 'https://github.com/JuliaTesting/Aqua.jl', 'https://github.com/trixi-framework/Trixi.jl', 'https://github.com/trixi-framework/paper-self-gravitating-gas-dynamics', 'https://github.com/trixi-framework/TrixiShallowWater.jl', 'https://github.com/trixi-framework/talk-2022-juliacon_toolchain', 'https://github.com/cburstedde/p4est', 'https://github.com/ranocha/SummationByPartsOperators.jl', 'https://github.com/trixi-framework/Trixi2Vtk.jl', 'https://github.com/JuliaDiff/ForwardDiff.jl', 'https://github.com/trixi-framework/P4est.jl', 'https://github.com/SciML/OrdinaryDiffEq.jl']",cburstedde,p4est,cburstedde/p4est,HELMHOLTZ
TrixiParticles.jl,https://helmholtz.software/software/trixiparticlesjl,https://github.com/SciML/SciMLStyle,"['https://github.com/JuliaPlots/Plots.jl', 'https://github.com/SciML/SciMLStyle', 'https://github.com/trixi-framework/TrixiParticles.jl', 'https://github.com/JuliaGPU/KernelAbstractions.jl', 'https://github.com/SciML/OrdinaryDiffEq.jl']",SciML,SciMLStyle,SciML/SciMLStyle,HELMHOLTZ
TSMP,https://helmholtz.software/software/tsmp,https://github.com/HPSCTerrSys/TSMP,['https://github.com/HPSCTerrSys/TSMP'],HPSCTerrSys,TSMP,HPSCTerrSys/TSMP,HELMHOLTZ
TSMP2,https://helmholtz.software/software/tsmp2,https://github.com/HPSCTerrSys/TSMP2,['https://github.com/HPSCTerrSys/TSMP2'],HPSCTerrSys,TSMP2,HPSCTerrSys/TSMP2,HELMHOLTZ
Typed PID Maker,https://helmholtz.software/software/typed-pid-maker,https://github.com/kit-data-manager/pit-service,['https://github.com/kit-data-manager/pit-service'],kit-data-manager,pit-service,kit-data-manager/pit-service,HELMHOLTZ
ukis-csmask,https://helmholtz.software/software/ukis-csmask,https://github.com/dlr-eoc/ukis-pysat,"['https://github.com/dlr-eoc/ukis-csmask', 'https://github.com/dlr-eoc/ukis-pysat']",dlr-eoc,ukis-pysat,dlr-eoc/ukis-pysat,HELMHOLTZ
ULTImodel,https://helmholtz.software/software/ultimodel,https://github.com/DLR-VF/ULTImodel,"['https://github.com/DLR-VF/ULTImodel-tutorials', 'https://github.com/DLR-VF/ULTImodel']",DLR-VF,ULTImodel,DLR-VF/ULTImodel,HELMHOLTZ
UQTestFuns,https://helmholtz.software/software/uqtestfuns,https://github.com/casus/uqtestfuns,['https://github.com/casus/uqtestfuns'],casus,uqtestfuns,casus/uqtestfuns,HELMHOLTZ
UrbEm - Urban Emission downscaling for air quality modeling,https://helmholtz.software/software/urbem-urban-emission-downscaling-for-air-quality-modeling,https://github.com/martinottopaul/UrbEm,['https://github.com/martinottopaul/UrbEm'],martinottopaul,UrbEm,martinottopaul/UrbEm,HELMHOLTZ
UrMoAC,https://helmholtz.software/software/urmoac,https://github.com/DLR-VF/UrMoAC,['https://github.com/DLR-VF/UrMoAC'],DLR-VF,UrMoAC,DLR-VF/UrMoAC,HELMHOLTZ
UTILE-Oxy,https://helmholtz.software/software/utile-oxy,https://github.com/andyco98/UTILE-Oxy,"['https://github.com/andyco98/UTILE-Oxy', 'https://github.com/andyco98/UTILE-Oxy/']",andyco98,UTILE-Oxy,andyco98/UTILE-Oxy,HELMHOLTZ
VarFish,https://helmholtz.software/software/varfish,https://github.com/bihealth/varfish-server,['https://github.com/bihealth/varfish-server'],bihealth,varfish-server,bihealth/varfish-server,HELMHOLTZ
VASCA,https://helmholtz.software/software/vasca,https://github.com/rbuehler/vasca,['https://github.com/rbuehler/vasca'],rbuehler,vasca,rbuehler/vasca,HELMHOLTZ
VelocityConversion,https://helmholtz.software/software/velocityconversion,https://github.com/cmeessen/VelocityConversion,['https://github.com/cmeessen/VelocityConversion'],cmeessen,VelocityConversion,cmeessen/VelocityConversion,HELMHOLTZ
Vitruvius,https://helmholtz.software/software/vitruvius,https://github.com/vitruv-tools/Vitruv,['https://github.com/vitruv-tools/Vitruv'],vitruv-tools,Vitruv,vitruv-tools/Vitruv,HELMHOLTZ
VoltRon,https://helmholtz.software/software/voltron,https://github.com/BIMSBbioinfo/VoltRon,['https://github.com/BIMSBbioinfo/VoltRon'],BIMSBbioinfo,VoltRon,BIMSBbioinfo/VoltRon,HELMHOLTZ
Watts,https://helmholtz.software/software/watts,https://github.com/indigo-dc/tts,['https://github.com/indigo-dc/tts'],indigo-dc,tts,indigo-dc/tts,HELMHOLTZ
wps-command-line-tool-repository,https://helmholtz.software/software/wps-command-line-tool-repository,https://github.com/riesgos/gfz-command-line-tool-repository,['https://github.com/riesgos/gfz-command-line-tool-repository'],riesgos,gfz-command-line-tool-repository,riesgos/gfz-command-line-tool-repository,HELMHOLTZ
