software_name,software_url,repository_url,all_github_links,organization,repository_name,owner_repo_pattern,source
3D-e-Chem Virtual Machine,https://research-software-directory.org/software/3d-e-chem-vm,https://github.com/3D-e-Chem/3D-e-Chem-VM,['https://github.com/3D-e-Chem/3D-e-Chem-VM'],3D-e-Chem,3D-e-Chem-VM,3D-e-Chem/3D-e-Chem-VM,RSD
4C Multiphysics,https://helmholtz.software/software/4c-multiphysics,https://github.com/4C-multiphysics/4C,['https://github.com/4C-multiphysics/4C'],4C-multiphysics,4C,4C-multiphysics/4C,HELMHOLTZ
compareMS2,https://research-software-directory.org/software/comparems2,https://github.com/524D/compareMS2,['https://github.com/524D/compareMS2'],524D,compareMS2,524D/compareMS2,RSD
AMBER,https://research-software-directory.org/software/amber,https://github.com/AA-ALERT/AMBER,['https://github.com/AA-ALERT/AMBER'],AA-ALERT,AMBER,AA-ALERT/AMBER,RSD
evidence,https://research-software-directory.org/software/evidence,https://github.com/ADAH-EviDENce/evidence,['https://github.com/ADAH-EviDENce/evidence'],ADAH-EviDENce,evidence,ADAH-EviDENce/evidence,RSD
Lilio,https://research-software-directory.org/software/lilio,https://github.com/AI4S2S/lilio,['https://github.com/AI4S2S/lilio'],AI4S2S,lilio,AI4S2S/lilio,RSD
ANNUBeS,https://research-software-directory.org/software/annubes,https://github.com/ANNUBS/annubes,"['https://github.com/neurogym/neurogym', 'https://github.com/ANNUBS/annubes', 'https://github.com/audreyr/cookiecutter', 'https://github.com/NLeSC/python-template']",ANNUBS,annubes,ANNUBS/annubes,RSD
ARTIST,https://helmholtz.software/software/artist,https://github.com/ARTIST-Association/ARTIST,['https://github.com/ARTIST-Association/ARTIST'],ARTIST-Association,ARTIST,ARTIST-Association/ARTIST,HELMHOLTZ
Data for 'Performance metrics for the continuous distribution of entanglement in multi-user quantum networks',https://research-software-directory.org/software/4tu-data-for-performance-metrics-for-the-continuous-distribution-of-entanglement-in-multi-user-quantum-networks,https://github.com/AlvaroGI/optimizing-cd-protocols,['https://github.com/AlvaroGI/optimizing-cd-protocols'],AlvaroGI,optimizing-cd-protocols,AlvaroGI/optimizing-cd-protocols,RSD
PyChelator,https://research-software-directory.org/software/pychelator,https://github.com/AmruteLab/PyChelator,['https://github.com/AmruteLab/PyChelator'],AmruteLab,PyChelator,AmruteLab/PyChelator,RSD
Arena-Crowds,https://research-software-directory.org/software/arena-crowds,https://github.com/ArenA-Crowds/Crowds,['https://github.com/ArenA-Crowds/Crowds'],ArenA-Crowds,Crowds,ArenA-Crowds/Crowds,RSD
PiGx,https://helmholtz.software/software/pigx,https://github.com/BIMSBbioinfo/pigx,"['https://github.com/BIMSBbioinfo/pigx_chipseq', 'https://github.com/BIMSBbioinfo/pigx_bsseq', 'https://github.com/BIMSBbioinfo/pigx_scrnaseq', 'https://github.com/BIMSBbioinfo/pigx', 'https://github.com/BIMSBbioinfo/pigx_rnaseq', 'https://github.com/BIMSBbioinfo/pigx_crispr']",BIMSBbioinfo,pigx,BIMSBbioinfo/pigx,HELMHOLTZ
DoE2Vec,https://research-software-directory.org/software/doe2vec,https://github.com/Basvanstein/doe2vec,['https://github.com/Basvanstein/doe2vec'],Basvanstein,doe2vec,Basvanstein/doe2vec,RSD
Nature Counts,https://research-software-directory.org/software/nature-counts,https://github.com/BirdsCanada/naturecounts,['https://github.com/BirdsCanada/naturecounts'],BirdsCanada,naturecounts,BirdsCanada/naturecounts,RSD
BlueObelisk Euclid,https://research-software-directory.org/software/blueobelisk-euclid,https://github.com/BlueObelisk/euclid,['https://github.com/BlueObelisk/euclid'],BlueObelisk,euclid,BlueObelisk/euclid,RSD
BioAutoML - Democratizing Machine Learning in Life Sciences,https://helmholtz.software/software/bioautoml,https://github.com/Bonidia/BioAutoML,['https://github.com/Bonidia/BioAutoML'],Bonidia,BioAutoML,Bonidia/BioAutoML,HELMHOLTZ
ShockHash,https://helmholtz.software/software/shockhash,https://github.com/ByteHamster/ShockHash,['https://github.com/ByteHamster/ShockHash'],ByteHamster,ShockHash,ByteHamster/ShockHash,HELMHOLTZ
Aviator,https://helmholtz.software/software/aviator,https://github.com/CCB-SB/Aviator,['https://github.com/CCB-SB/Aviator'],CCB-SB,Aviator,CCB-SB/Aviator,HELMHOLTZ
Continuous Integration of Architectural Performance Models (CIPM),https://helmholtz.software/software/cipm,https://github.com/CIPM-tools/CIPM,['https://github.com/CIPM-tools/CIPM'],CIPM-tools,CIPM,CIPM-tools/CIPM,HELMHOLTZ
grlc,https://research-software-directory.org/software/grlc,https://github.com/CLARIAH/grlc,['https://github.com/CLARIAH/grlc'],CLARIAH,grlc,CLARIAH/grlc,RSD
ClinDIG,https://research-software-directory.org/software/clindig,https://github.com/CanDIG/CanDIGv2,"['https://github.com/CanDIG/CanDIGv2', 'https://github.com/data-team-uhn/clindig']",CanDIG,CanDIGv2,CanDIG/CanDIGv2,RSD
ChASE,https://helmholtz.software/software/chase,https://github.com/ChASE-library/ChASE,['https://github.com/ChASE-library/ChASE'],ChASE-library,ChASE,ChASE-library/ChASE,HELMHOLTZ
rcoins,https://research-software-directory.org/software/rcoins,https://github.com/CityRiverSpaces/rcoins,"['https://github.com/CityRiverSpaces/rcoins', 'https://github.com/PratyushTripathy/COINS']",CityRiverSpaces,rcoins,CityRiverSpaces/rcoins,RSD
ClimSight,https://helmholtz.software/software/climsight,https://github.com/CliDyn/climsight,['https://github.com/CliDyn/climsight'],CliDyn,climsight,CliDyn/climsight,HELMHOLTZ
Climate Rapid Evaluation Framework,https://research-software-directory.org/software/climate-rapid-evaluation-framework,https://github.com/Climate-REF/climate-ref,['https://github.com/Climate-REF/climate-ref'],Climate-REF,climate-ref,Climate-REF/climate-ref,RSD
Chemotion ELN,https://helmholtz.software/software/chemotion-eln,https://github.com/ComPlat/chemotion_ELN,['https://github.com/ComPlat/chemotion_ELN'],ComPlat,chemotion_ELN,ComPlat/chemotion_ELN,HELMHOLTZ
cuda_memtest,https://helmholtz.software/software/cudamemtest,https://github.com/ComputationalRadiationPhysics/picongpu,"['https://github.com/ComputationalRadiationPhysics/cuda_memtest', 'https://github.com/ComputationalRadiationPhysics/picongpu']",ComputationalRadiationPhysics,picongpu,ComputationalRadiationPhysics/picongpu,HELMHOLTZ
Magic Castle,https://research-software-directory.org/software/magic-castle,https://github.com/ComputeCanada/magic_castle,['https://github.com/ComputeCanada/magic_castle'],ComputeCanada,magic_castle,ComputeCanada/magic_castle,RSD
CryoGrid,https://helmholtz.software/software/cryogrid,https://github.com/CryoGrid/CryoGridCommunity_source,['https://github.com/CryoGrid/CryoGridCommunity_source'],CryoGrid,CryoGridCommunity_source,CryoGrid/CryoGridCommunity_source,HELMHOLTZ
oraqle,https://research-software-directory.org/software/4tu-oraqle,https://github.com/Crypto-TII/fhegen,['https://github.com/Crypto-TII/fhegen'],Crypto-TII,fhegen,Crypto-TII/fhegen,RSD
"Code related to ""Loudspeaker Beamforming to Enhance Speech Recognition Performance of Voice Driven Applications""",https://research-software-directory.org/software/4tu-code-related-to-loudspeaker-beamforming-to-enhance-speech-recognition-performance-of-voice-driven-applications,https://github.com/D1mme/LoudspeakerBeamformingForVoiceDrivenApplications,['https://github.com/D1mme/LoudspeakerBeamformingForVoiceDrivenApplications'],D1mme,LoudspeakerBeamformingForVoiceDrivenApplications,D1mme/LoudspeakerBeamformingForVoiceDrivenApplications,RSD
ConvolutionalNeuralOperators.jl,https://research-software-directory.org/software/convolutionalneuraloperatorjl,https://github.com/DEEPDIP-project/CoupledNODE.jl,"['https://github.com/DEEPDIP-project/ConvolutionalNeuralOperator.jl', 'https://github.com/camlab-ethz/ConvolutionalNeuralOperator', 'https://github.com/DEEPDIP-project/CoupledNODE.jl', 'https://github.com/JuliaBesties/BestieTemplate.jl']",DEEPDIP-project,CoupledNODE.jl,DEEPDIP-project/CoupledNODE.jl,RSD
t8code,https://helmholtz.software/software/t8code,https://github.com/DLR-AMR/t8code,"['https://github.com/DLR-AMR/T8code.jl', 'https://github.com/DLR-AMR/t8code']",DLR-AMR,t8code,DLR-AMR/t8code,HELMHOLTZ
TBT-Segmentation,https://helmholtz.software/software/tbt-segmentation,https://github.com/DLR-FT/TBT-Segmentation,['https://github.com/DLR-FT/TBT-Segmentation'],DLR-FT,TBT-Segmentation,DLR-FT/TBT-Segmentation,HELMHOLTZ
BlenderProc,https://helmholtz.software/software/blenderproc,https://github.com/DLR-RM/BlenderProc,['https://github.com/DLR-RM/BlenderProc'],DLR-RM,BlenderProc,DLR-RM/BlenderProc,HELMHOLTZ
TiGL,https://helmholtz.software/software/tigl,https://github.com/DLR-SC/tigl,"['https://github.com/DLR-SC/tigl', 'https://github.com/DLR-LY/CPACS']",DLR-SC,tigl,DLR-SC/tigl,HELMHOLTZ
ULTImodel,https://helmholtz.software/software/ultimodel,https://github.com/DLR-VF/ULTImodel,"['https://github.com/DLR-VF/ULTImodel-tutorials', 'https://github.com/DLR-VF/ULTImodel']",DLR-VF,ULTImodel,DLR-VF/ULTImodel,HELMHOLTZ
xDECAF,https://helmholtz.software/software/dfa,https://github.com/DataFlowAnalysis/DataFlowAnalysis,['https://github.com/DataFlowAnalysis/DataFlowAnalysis'],DataFlowAnalysis,DataFlowAnalysis,DataFlowAnalysis/DataFlowAnalysis,HELMHOLTZ
BrainPrint,https://helmholtz.software/software/brainprint,https://github.com/Deep-MI/LaPy,"['https://github.com/Deep-MI/BrainPrint-legacy', 'https://github.com/Deep-MI/LaPy', 'https://github.com/Deep-MI/brainprint']",Deep-MI,LaPy,Deep-MI/LaPy,HELMHOLTZ
DeepRank,https://research-software-directory.org/software/deeprank,https://github.com/DeepRank/deeprank,['https://github.com/DeepRank/deeprank'],DeepRank,deeprank,DeepRank/deeprank,RSD
CoeusAI,https://research-software-directory.org/software/coeusai,https://github.com/DroneML/CoeusAI,['https://github.com/DroneML/CoeusAI'],DroneML,CoeusAI,DroneML/CoeusAI,RSD
BIAS,https://research-software-directory.org/software/bias,https://github.com/Dvermetten/BIAS,['https://github.com/Dvermetten/BIAS'],Dvermetten,BIAS,Dvermetten/BIAS,RSD
Satsense,https://research-software-directory.org/software/satsense,https://github.com/DynaSlum/satsense,['https://github.com/DynaSlum/satsense'],DynaSlum,satsense,DynaSlum/satsense,RSD
ece2cmor3,https://research-software-directory.org/software/ece2cmor3,https://github.com/EC-Earth/ece2cmor3,['https://github.com/EC-Earth/ece2cmor3'],EC-Earth,ece2cmor3,EC-Earth/ece2cmor3,RSD
eitprocessing,https://research-software-directory.org/software/eitprocessing,https://github.com/EIT-ALIVE/eitprocessing/,['https://github.com/EIT-ALIVE/eitprocessing/'],EIT-ALIVE,eitprocessing,EIT-ALIVE/eitprocessing,RSD
lofar-ld,https://research-software-directory.org/software/lofar-linked-data-platform,https://github.com/EOSC-LOFAR/lofar-ld,['https://github.com/EOSC-LOFAR/lofar-ld'],EOSC-LOFAR,lofar-ld,EOSC-LOFAR/lofar-ld,RSD
ChemSpaX: A Python tool for local chemical space exploration,https://research-software-directory.org/software/chemspax,https://github.com/EPiCs-group/chemspax,['https://github.com/EPiCs-group/chemspax'],EPiCs-group,chemspax,EPiCs-group/chemspax,RSD
NetCDF2LittleR,https://research-software-directory.org/software/netcdf2littler,https://github.com/ERA-URBAN/netcdf2littler,['https://github.com/ERA-URBAN/netcdf2littler'],ERA-URBAN,netcdf2littler,ERA-URBAN/netcdf2littler,RSD
Cosimplat,https://research-software-directory.org/software/cosimplat,https://github.com/ESI-FAR/RESCUE-cosimplat-py,['https://github.com/ESI-FAR/RESCUE-cosimplat-py'],ESI-FAR,RESCUE-cosimplat-py,ESI-FAR/RESCUE-cosimplat-py,RSD
ESMValCore,https://research-software-directory.org/software/esmvalcore,https://github.com/ESMValGroup/ESMValCore,['https://github.com/ESMValGroup/ESMValCore'],ESMValGroup,ESMValCore,ESMValGroup/ESMValCore,RSD
EXCITED Machine Learning Workflow,https://research-software-directory.org/software/excited-workflow,https://github.com/EXCITED-CO2/excited-workflow,['https://github.com/EXCITED-CO2/excited-workflow'],EXCITED-CO2,excited-workflow,EXCITED-CO2/excited-workflow,RSD
PyStemmusScope,https://research-software-directory.org/software/pystemmusscope,https://github.com/EcoExtreML/STEMMUS_SCOPE,"['https://github.com/EcoExtreML/STEMMUS_SCOPE', 'https://github.com/EcoExtreML/STEMMUS_SCOPE_Processing', 'https://github.com/EcoExtreML/stemmus_scope_processing']",EcoExtreML,STEMMUS_SCOPE,EcoExtreML/STEMMUS_SCOPE,RSD
DAMNIT,https://helmholtz.software/software/damnit,https://github.com/European-XFEL/DAMNIT,['https://github.com/European-XFEL/DAMNIT'],European-XFEL,DAMNIT,European-XFEL/DAMNIT,HELMHOLTZ
Eventdisplay,https://helmholtz.software/software/eventdisplay,https://github.com/Eventdisplay/Eventdisplay,['https://github.com/Eventdisplay/Eventdisplay'],Eventdisplay,Eventdisplay,Eventdisplay/Eventdisplay,HELMHOLTZ
port_data_graphs,https://research-software-directory.org/software/4tu-port-data-graphs,https://github.com/EwoutH/shipping-data,['https://github.com/EwoutH/shipping-data'],EwoutH,shipping-data,EwoutH/shipping-data,RSD
ExploreASL,https://research-software-directory.org/software/exploreasl,https://github.com/ExploreASL/ExploreASL,['https://github.com/ExploreASL/ExploreASL'],ExploreASL,ExploreASL,ExploreASL/ExploreASL,RSD
Orange3 Argument Mining Add-on,https://research-software-directory.org/software/orange3-argument-add-on,https://github.com/EyeofBeholder-NLeSC/orange3-argument,['https://github.com/EyeofBeholder-NLeSC/orange3-argument'],EyeofBeholder-NLeSC,orange3-argument,EyeofBeholder-NLeSC/orange3-argument,RSD
FHIR to CAPACITY,https://research-software-directory.org/software/fhir-to-capacity,https://github.com/FAIR-data-for-CAPACITY/FHIR-to-CAPACITY,['https://github.com/FAIR-data-for-CAPACITY/FHIR-to-CAPACITY'],FAIR-data-for-CAPACITY,FHIR-to-CAPACITY,FAIR-data-for-CAPACITY/FHIR-to-CAPACITY,RSD
FESOM,https://helmholtz.software/software/fesom,https://github.com/FESOM/fesom2,['https://github.com/FESOM/fesom2'],FESOM,fesom2,FESOM/fesom2,HELMHOLTZ
DataDesc,https://helmholtz.software/software/datadesc,https://github.com/FZJ-IEK3-VSA/DataDesc/,['https://github.com/FZJ-IEK3-VSA/DataDesc/'],FZJ-IEK3-VSA,DataDesc,FZJ-IEK3-VSA/DataDesc,HELMHOLTZ
JUBE,https://research-software-directory.org/software/jube,https://github.com/FZJ-JSC/JUBE,['https://github.com/FZJ-JSC/JUBE'],FZJ-JSC,JUBE,FZJ-JSC/JUBE,RSD
FairMQ,https://helmholtz.software/software/fairmq,https://github.com/FairRootGroup/FairMQ,"['https://github.com/FairRootGroup/FairMQ/', 'https://github.com/FairRootGroup/FairMQ']",FairRootGroup,FairMQ,FairRootGroup/FairMQ,HELMHOLTZ
FastMLC,https://research-software-directory.org/software/fastmlc,https://github.com/FastMLC/fMLC,['https://github.com/FastMLC/fMLC'],FastMLC,fMLC,FastMLC/fMLC,RSD
PROTEUS,https://research-software-directory.org/software/proteus,https://github.com/FormingWorlds/PROTEUS,['https://github.com/FormingWorlds/PROTEUS'],FormingWorlds,PROTEUS,FormingWorlds/PROTEUS,RSD
FraCSPy,https://helmholtz.software/software/fracspy,https://github.com/FraCSPy/FraCSPy,['https://github.com/FraCSPy/FraCSPy'],FraCSPy,FraCSPy,FraCSPy/FraCSPy,HELMHOLTZ
Nunaliit,https://research-software-directory.org/software/nunaliit,https://github.com/GCRC/nunaliit,['https://github.com/GCRC/nunaliit'],GCRC,nunaliit,GCRC/nunaliit,RSD
gemdat,https://research-software-directory.org/software/gemdat,https://github.com/GEMDAT-repos/GEMDAT,['https://github.com/GEMDAT-repos/GEMDAT'],GEMDAT-repos,GEMDAT,GEMDAT-repos/GEMDAT,RSD
AROSICS,https://helmholtz.software/software/arosics,https://github.com/GFZ/arosics,['https://github.com/GFZ/arosics'],GFZ,arosics,GFZ/arosics,HELMHOLTZ
dhdt,https://research-software-directory.org/software/dhdt,https://github.com/GO-Eratosthenes/dhdt,['https://github.com/GO-Eratosthenes/dhdt'],GO-Eratosthenes,dhdt,GO-Eratosthenes/dhdt,RSD
GalerkinToolkit.jl,https://research-software-directory.org/software/galerkintoolkitjl,https://github.com/GalerkinToolkit/GalerkinToolkit.jl,['https://github.com/GalerkinToolkit/GalerkinToolkit.jl'],GalerkinToolkit,GalerkinToolkit.jl,GalerkinToolkit/GalerkinToolkit.jl,RSD
Arctic Web Map,https://research-software-directory.org/software/arctic-web-map,https://github.com/GeoSensorWebLab/awm-styles,"['https://github.com/GeoSensorWebLab/arctic-biomap-server', 'https://github.com/GeoSensorWebLab/awm-styles']",GeoSensorWebLab,awm-styles,GeoSensorWebLab/awm-styles,RSD
sv-channels,https://research-software-directory.org/software/sv-channels,https://github.com/GooglingTheCancerGenome/sv-channels/,['https://github.com/GooglingTheCancerGenome/sv-channels/'],GooglingTheCancerGenome,sv-channels,GooglingTheCancerGenome/sv-channels,RSD
GrainLearning,https://research-software-directory.org/software/grainlearning,https://github.com/GrainLearning/grainLearning,['https://github.com/GrainLearning/grainLearning'],GrainLearning,grainLearning,GrainLearning/grainLearning,RSD
HERA_CAL_QUANTUM,https://research-software-directory.org/software/heracalquantum,https://github.com/HERA-Team/hera_qm,"['https://github.com/HERA-Team/hera_qm', 'https://github.com/QuantumRadioAstronomy/hera_cal_quantum', 'https://github.com/HERA-Team/hera_filters', 'https://github.com/HERA-Team/hera_opm/', 'https://github.com/HERA-Team/linsolve']",HERA-Team,hera_qm,HERA-Team/hera_qm,RSD
TSMP,https://helmholtz.software/software/tsmp,https://github.com/HPSCTerrSys/TSMP,['https://github.com/HPSCTerrSys/TSMP'],HPSCTerrSys,TSMP,HPSCTerrSys/TSMP,HELMHOLTZ
perun,https://helmholtz.software/software/perun,https://github.com/Helmholtz-AI-Energy/perun,['https://github.com/Helmholtz-AI-Energy/perun'],Helmholtz-AI-Energy,perun,Helmholtz-AI-Energy/perun,HELMHOLTZ
CoMOLA,https://helmholtz.software/software/comola,https://github.com/Helmholtz-UFZ/CoMOLA,['https://github.com/Helmholtz-UFZ/CoMOLA'],Helmholtz-UFZ,CoMOLA,Helmholtz-UFZ/CoMOLA,HELMHOLTZ
ICOS CP python library,https://research-software-directory.org/software/icos-cp-python-library,https://github.com/ICOS-Carbon-Portal/pylib,['https://github.com/ICOS-Carbon-Portal/pylib'],ICOS-Carbon-Portal,pylib,ICOS-Carbon-Portal/pylib,RSD
minimism,https://research-software-directory.org/software/minimism,https://github.com/IMAU-paleo/minimism,['https://github.com/IMAU-paleo/minimism'],IMAU-paleo,minimism,IMAU-paleo/minimism,RSD
SIMPA - The toolkit for Simulation and Image Processing for Photonics and Acoustics,https://helmholtz.software/software/simpa,https://github.com/IMSY-DKFZ/simpa,['https://github.com/IMSY-DKFZ/simpa'],IMSY-DKFZ,simpa,IMSY-DKFZ/simpa,HELMHOLTZ
Alpaca,https://helmholtz.software/software/alpaca,https://github.com/INM-6/alpaca,['https://github.com/INM-6/alpaca'],INM-6,alpaca,INM-6/alpaca,HELMHOLTZ
sv-callers,https://research-software-directory.org/software/sv-callers,https://github.com/Illumina/manta,"['https://github.com/PapenfussLab/gridss', 'https://github.com/Illumina/manta', 'https://github.com/dellytools/delly', 'https://github.com/arq5x/lumpy-sv', 'https://github.com/GooglingTheCancerGenome/sv-callers']",Illumina,manta,Illumina/manta,RSD
COVID-19 Integrated Surveillance Data in Italy,https://research-software-directory.org/software/covid-19-integrated-surveillance-data-in-italy,https://github.com/InPhyT/UnrollingAverages.jl,"['https://github.com/InPhyT/COVID19-Italy-Integrated-Surveillance-Data', 'https://github.com/InPhyT/UnrollingAverages.jl']",InPhyT,UnrollingAverages.jl,InPhyT/UnrollingAverages.jl,RSD
Islandora,https://research-software-directory.org/software/islandora,https://github.com/Islandora/islandora,['https://github.com/Islandora/islandora'],Islandora,islandora,Islandora/islandora,RSD
JEMRIS,https://helmholtz.software/software/jemris,https://github.com/JEMRIS/jemris,"['https://github.com/ismrmrd/ismrmrd', 'https://github.com/JEMRIS/jemris']",JEMRIS,jemris,JEMRIS/jemris,HELMHOLTZ
PeakPerformance,https://helmholtz.software/software/peakperformance,https://github.com/JuBiotech/peak-performance,['https://github.com/JuBiotech/peak-performance'],JuBiotech,peak-performance,JuBiotech/peak-performance,HELMHOLTZ
AiiDA-KKR,https://helmholtz.software/software/aiida-kkr,https://github.com/JuDFTteam/aiida-kkr,['https://github.com/JuDFTteam/aiida-kkr'],JuDFTteam,aiida-kkr,JuDFTteam/aiida-kkr,HELMHOLTZ
AstroImages.jl,https://research-software-directory.org/software/astroimagesjl,https://github.com/JuliaAstro/AstroImages.jl,['https://github.com/JuliaAstro/AstroImages.jl'],JuliaAstro,AstroImages.jl,JuliaAstro/AstroImages.jl,RSD
AttentionLayer.jl,https://research-software-directory.org/software/attentionlayerjl,https://github.com/JuliaBesties/BestieTemplate.jl,"['https://github.com/JuliaBesties/BestieTemplate.jl', 'https://github.com/DEEPDIP-project/CoupledNODE.jl', 'https://github.com/DEEPDIP-project/AttentionLayer.jl']",JuliaBesties,BestieTemplate.jl,JuliaBesties/BestieTemplate.jl,RSD
MultilayerGraphs.jl,https://research-software-directory.org/software/multilayergraphs,https://github.com/JuliaGraphs/Graphs.jl,"['https://github.com/JuliaGraphs/Graphs.jl', 'https://github.com/JuliaDynamics/Agents.jl', 'https://github.com/JuliaGraphs/MultilayerGraphs.jl']",JuliaGraphs,Graphs.jl,JuliaGraphs/Graphs.jl,RSD
ICD_GEMs.jl,https://research-software-directory.org/software/icdgems,https://github.com/JuliaHealth/ICD_GEMs.jl,"['https://github.com/JuliaHealth/ICD_GEMs.jl', 'https://github.com/JuliaData/DataFrames.jl', 'https://github.com/JuliaCollections/DataStructures.jl']",JuliaHealth,ICD_GEMs.jl,JuliaHealth/ICD_GEMs.jl,RSD
MPI.jl,https://research-software-directory.org/software/mpijl,https://github.com/JuliaParallel/MPI.jl,['https://github.com/JuliaParallel/MPI.jl'],JuliaParallel,MPI.jl,JuliaParallel/MPI.jl,RSD
Measurements.jl,https://research-software-directory.org/software/measurementsjl,https://github.com/JuliaPhysics/Measurements.jl,['https://github.com/JuliaPhysics/Measurements.jl'],JuliaPhysics,Measurements.jl,JuliaPhysics/Measurements.jl,RSD
Rocket,https://research-software-directory.org/software/rocket,https://github.com/JungleComputing/rocket,['https://github.com/JungleComputing/rocket'],JungleComputing,rocket,JungleComputing/rocket,RSD
ROBIST,https://research-software-directory.org/software/robist,https://github.com/JustinStarreveld/ROBIST,['https://github.com/JustinStarreveld/ROBIST'],JustinStarreveld,ROBIST,JustinStarreveld/ROBIST,RSD
ochre,https://research-software-directory.org/software/ochre,https://github.com/KBNLresearch/ochre,['https://github.com/KBNLresearch/ochre'],KBNLresearch,ochre,KBNLresearch/ochre,RSD
Copy-Paste Imputation (CPI) for Energy Time Series,https://helmholtz.software/software/copy-paste-imputation,https://github.com/KIT-IAI/CopyPasteImputation,['https://github.com/KIT-IAI/CopyPasteImputation'],KIT-IAI,CopyPasteImputation,KIT-IAI/CopyPasteImputation,HELMHOLTZ
CorC,https://helmholtz.software/software/corc,https://github.com/KIT-TVA/CorC,"['https://github.com/KIT-TVA/CorC/', 'https://github.com/KIT-TVA/CorC']",KIT-TVA,CorC,KIT-TVA/CorC,HELMHOLTZ
KaGen - Communication-free Massively Distributed Graph Generators,https://helmholtz.software/software/kagen-communication-free-massively-distributed-graph-generators,https://github.com/KaHIP/KaHIP,"['https://github.com/HPCGraphAnalysis/PuLP', 'https://github.com/sparsehash/sparsehash', 'https://github.com/KaHIP/KaHIP', 'https://github.com/KarlsruheGraphGeneration/KaGen']",KaHIP,KaHIP,KaHIP/KaHIP,HELMHOLTZ
Ideal-Equilibrium-Oxygen-Membrane-Reactor,https://helmholtz.software/software/ideal-equilibrium-oxygen-membrane-reactor,https://github.com/KabitGit/Ideal-Equilibrium-Oxygen-Membrane-Reactor,['https://github.com/KabitGit/Ideal-Equilibrium-Oxygen-Membrane-Reactor'],KabitGit,Ideal-Equilibrium-Oxygen-Membrane-Reactor,KabitGit/Ideal-Equilibrium-Oxygen-Membrane-Reactor,HELMHOLTZ
Kernel Float,https://research-software-directory.org/software/kernel-float,https://github.com/KernelTuner/kernel_float,['https://github.com/KernelTuner/kernel_float'],KernelTuner,kernel_float,KernelTuner/kernel_float,RSD
RickView,https://research-software-directory.org/software/rickview,https://github.com/KonradHoeffner/rickview,['https://github.com/KonradHoeffner/rickview'],KonradHoeffner,rickview,KonradHoeffner/rickview,RSD
sfb-annotator,https://research-software-directory.org/software/sfb-annotator,https://github.com/LINNAE-project/SFB-Annotator,['https://github.com/LINNAE-project/SFB-Annotator'],LINNAE-project,SFB-Annotator,LINNAE-project/SFB-Annotator,RSD
JumpDiff,https://helmholtz.software/software/jumpdiff,https://github.com/LRydin/jumpdiff,['https://github.com/LRydin/jumpdiff'],LRydin,jumpdiff,LRydin/jumpdiff,HELMHOLTZ
KeYmaera X,https://helmholtz.software/software/keymaera-x,https://github.com/LS-Lab/Coq-dL,"['https://github.com/LS-Lab/KeYmaeraX-release', 'https://github.com/LS-Lab/Isabelle-dL', 'https://github.com/LS-Lab/Coq-dL']",LS-Lab,Coq-dL,LS-Lab/Coq-dL,HELMHOLTZ
LXCat,https://research-software-directory.org/software/lxcat,https://github.com/LXCat-project/LXCat,['https://github.com/LXCat-project/LXCat'],LXCat-project,LXCat,LXCat-project/LXCat,RSD
WEARDA,https://research-software-directory.org/software/wearda,https://github.com/LiacsProjects/Wearda,['https://github.com/LiacsProjects/Wearda'],LiacsProjects,Wearda,LiacsProjects/Wearda,RSD
LimeSurvey,https://research-software-directory.org/software/limesurvey,https://github.com/LimeSurvey/LimeSurvey,['https://github.com/LimeSurvey/LimeSurvey'],LimeSurvey,LimeSurvey,LimeSurvey/LimeSurvey,RSD
MapReader,https://research-software-directory.org/software/mapreader,https://github.com/Living-with-machines/MapReader,"['https://github.com/Living-with-machines/MapReader', 'https://github.com/maps-as-data/MapReader-examples']",Living-with-machines,MapReader,Living-with-machines/MapReader,RSD
Cerise,https://research-software-directory.org/software/cerise,https://github.com/MD-Studio/cerise,['https://github.com/MD-Studio/cerise'],MD-Studio,cerise,MD-Studio/cerise,RSD
nnU-Net,https://helmholtz.software/software/nnu-net,https://github.com/MIC-DKFZ/nnUNet,['https://github.com/MIC-DKFZ/nnUNet'],MIC-DKFZ,nnUNet,MIC-DKFZ/nnUNet,HELMHOLTZ
PlanEO Dashboard,https://research-software-directory.org/software/planeo-dashboard,https://github.com/MINE-DD/dashboard,['https://github.com/MINE-DD/dashboard'],MINE-DD,dashboard,MINE-DD/dashboard,RSD
Medical Imaging Interaction Toolkit (MITK),https://helmholtz.software/software/mitk,https://github.com/MITK/MITK,['https://github.com/MITK/MITK'],MITK,MITK,MITK/MITK,HELMHOLTZ
CrowdED,https://research-software-directory.org/software/crowded,https://github.com/MaastrichtU-IDS/crowdED,['https://github.com/MaastrichtU-IDS/crowdED'],MaastrichtU-IDS,crowdED,MaastrichtU-IDS/crowdED,RSD
CICMoD - A Climate Index Collection based on Model Data,https://helmholtz.software/software/climate-index-collection,https://github.com/MarcoLandtHayen/climate_index_collection,['https://github.com/MarcoLandtHayen/climate_index_collection'],MarcoLandtHayen,climate_index_collection,MarcoLandtHayen/climate_index_collection,HELMHOLTZ
hCoCena - horizontal integration and analysis of transcriptomics datasets,https://helmholtz.software/software/hcocena,https://github.com/MarieOestreich/hCoCena,['https://github.com/MarieOestreich/hCoCena'],MarieOestreich,hCoCena,MarieOestreich/hCoCena,HELMHOLTZ
MassBank,https://helmholtz.software/software/massbank,https://github.com/MassBank/MassBank-web,"['https://github.com/MassBank/MassBank-web', 'https://github.com/MassBank/MassBank-data']",MassBank,MassBank-web,MassBank/MassBank-web,HELMHOLTZ
dirschema,https://helmholtz.software/software/dirschema,https://github.com/Materials-Data-Science-and-Informatics/dirschema,['https://github.com/Materials-Data-Science-and-Informatics/dirschema'],Materials-Data-Science-and-Informatics,dirschema,Materials-Data-Science-and-Informatics/dirschema,HELMHOLTZ
Software for self-adaptive and on-the-fly mapping of coastal parameters from video of a wave field,https://research-software-directory.org/software/4tu-software-for-self-adaptive-and-on-the-fly-mapping-of-coastal-parameters-from-video-of-a-wave-field,https://github.com/MatthijsGawehn/COCOS,['https://github.com/MatthijsGawehn/COCOS'],MatthijsGawehn,COCOS,MatthijsGawehn/COCOS,RSD
mibibio,https://research-software-directory.org/software/mibibio,https://github.com/MiBiPreT/mibibio,['https://github.com/MiBiPreT/mibibio'],MiBiPreT,mibibio,MiBiPreT/mibibio,RSD
mibiremo,https://research-software-directory.org/software/mibiremo,https://github.com/MiBiPret/mibiremo,['https://github.com/MiBiPret/mibiremo'],MiBiPret,mibiremo,MiBiPret/mibiremo,RSD
admtools,https://research-software-directory.org/software/admtools,https://github.com/MindTheGap-ERC/admtools,['https://github.com/MindTheGap-ERC/admtools'],MindTheGap-ERC,admtools,MindTheGap-ERC/admtools,RSD
SARXarray,https://research-software-directory.org/software/sarxarray,https://github.com/MotionbyLearning/sarxarray,['https://github.com/MotionbyLearning/sarxarray'],MotionbyLearning,sarxarray,MotionbyLearning/sarxarray,RSD
Motus Wildlife Tracking System,https://research-software-directory.org/software/motus-wildlife-tracking-system,https://github.com/MotusWTS/motus,['https://github.com/MotusWTS/motus'],MotusWTS,motus,MotusWTS/motus,RSD
CDF2Medmij-Mapping-tool,https://research-software-directory.org/software/cdf2medmij-mapping-tool,https://github.com/MyDigiTwinNL/CDF2Medmij-Mapping-tool,['https://github.com/MyDigiTwinNL/CDF2Medmij-Mapping-tool'],MyDigiTwinNL,CDF2Medmij-Mapping-tool,MyDigiTwinNL/CDF2Medmij-Mapping-tool,RSD
TaxoTagger,https://research-software-directory.org/software/taxotagger,https://github.com/MycoAI/taxotagger,['https://github.com/MycoAI/taxotagger'],MycoAI,taxotagger,MycoAI/taxotagger,RSD
JupyterHub Outpost,https://helmholtz.software/software/jupyterhub-outpost,https://github.com/NERSC/sshspawner,"['https://github.com/NERSC/sshspawner', 'https://github.com/kreuzert/jupyterhub-outpost', 'https://github.com/jupyterhub/kubespawner', 'https://github.com/jupyterhub/batchspawner', 'https://github.com/kreuzert/jupyterhub-outpostspawner/']",NERSC,sshspawner,NERSC/sshspawner,HELMHOLTZ
Davidson diagonalization in Fortran,https://research-software-directory.org/software/fortrandavidson,https://github.com/NLESC-JCER/Fortran_Davidson,['https://github.com/NLESC-JCER/Fortran_Davidson'],NLESC-JCER,Fortran_Davidson,NLESC-JCER/Fortran_Davidson,RSD
AHN point cloud viewer web service,https://research-software-directory.org/software/ahn-pointcloud-viewer-ws,https://github.com/NLeSC/ahn-pointcloud-viewer,"['https://github.com/NLeSC/ahn-pointcloud-viewer', 'https://github.com/NLeSC/ahn-pointcloud-viewer-ws']",NLeSC,ahn-pointcloud-viewer,NLeSC/ahn-pointcloud-viewer,RSD
Compas Toolkit,https://research-software-directory.org/software/compas-toolkit,https://github.com/NLeSC-COMPAS/compas-toolkit,['https://github.com/NLeSC-COMPAS/compas-toolkit'],NLeSC-COMPAS,compas-toolkit,NLeSC-COMPAS/compas-toolkit,RSD
dCacheFS,https://research-software-directory.org/software/dcachefs,https://github.com/NLeSC-GO-common-infrastructure/dcachefs,['https://github.com/NLeSC-GO-common-infrastructure/dcachefs'],NLeSC-GO-common-infrastructure,dcachefs,NLeSC-GO-common-infrastructure/dcachefs,RSD
NNPDF,https://research-software-directory.org/software/nnpdf,https://github.com/NNPDF/nnpdf,['https://github.com/NNPDF/nnpdf'],NNPDF,nnpdf,NNPDF/nnpdf,RSD
NPLinker,https://research-software-directory.org/software/nplinker,https://github.com/NPLinker/nplinker,['https://github.com/NPLinker/nplinker'],NPLinker,nplinker,NPLinker/nplinker,RSD
FLORIDyn (OFF toolbox) Code and input files underlying the publication: Wind pattern clustering of high frequent field measurements for dynamic wind farm flow control,https://research-software-directory.org/software/4tu-floridyn-off-toolbox-code-and-input-files-underlying-the-publication-wind-pattern-clustering-of-high-frequent-field-measurements-for-dynamic-wind-farm-flow-control,https://github.com/NREL/floris,['https://github.com/NREL/floris'],NREL,floris,NREL/floris,RSD
cerulean,https://research-software-directory.org/software/cerulean,https://github.com/NaturalHPC/cerulean,['https://github.com/NaturalHPC/cerulean'],NaturalHPC,cerulean,NaturalHPC/cerulean,RSD
Elephant,https://helmholtz.software/software/elephant,https://github.com/NeuralEnsemble/elephant,['https://github.com/NeuralEnsemble/elephant'],NeuralEnsemble,elephant,NeuralEnsemble/elephant,HELMHOLTZ
Compass-school,https://research-software-directory.org/software/compass-school,https://github.com/ODISSEI-School-Choice/school-choice,['https://github.com/ODISSEI-School-Choice/school-choice'],ODISSEI-School-Choice,school-choice,ODISSEI-School-Choice/school-choice,RSD
MSS - Mission Support System,https://helmholtz.software/software/mss,https://github.com/Open-MSS/MSS,['https://github.com/Open-MSS/MSS'],Open-MSS,MSS,Open-MSS/MSS,HELMHOLTZ
OpenDA,https://research-software-directory.org/software/openda,https://github.com/OpenDA-Association/OpenDA,['https://github.com/OpenDA-Association/OpenDA'],OpenDA-Association,OpenDA,OpenDA-Association/OpenDA,RSD
OpenMS,https://research-software-directory.org/software/openms,https://github.com/OpenMS/OpenMS,['https://github.com/OpenMS/OpenMS'],OpenMS,OpenMS,OpenMS/OpenMS,RSD
PAVICS,https://research-software-directory.org/software/pavics,https://github.com/Ouranosinc/xclim,"['https://github.com/Ouranosinc/xclim', 'https://github.com/Ouranosinc/raven', 'https://github.com/Ouranosinc/PAVICS-landing']",Ouranosinc,xclim,Ouranosinc/xclim,RSD
PDAF,https://helmholtz.software/software/pdaf,https://github.com/PDAF/PDAF,"['https://github.com/BoldingBruggeman/eat/', 'https://github.com/HPSCTerrSys/TSMP', 'https://github.com/PDAF/PDAF']",PDAF,PDAF,PDAF/PDAF,HELMHOLTZ
PoreSpy,https://research-software-directory.org/software/porespy,https://github.com/PMEAL/porespy,['https://github.com/PMEAL/porespy'],PMEAL,porespy,PMEAL/porespy,RSD
PanVA,https://research-software-directory.org/software/panva,https://github.com/PanBrowse/PanVA,['https://github.com/PanBrowse/PanVA'],PanBrowse,PanVA,PanBrowse/PanVA,RSD
PanTools-pipeline-v4,https://research-software-directory.org/software/pantools-pipeline-v4,https://github.com/PanUtils/pantools-pipeline-v4,['https://github.com/PanUtils/pantools-pipeline-v4'],PanUtils,pantools-pipeline-v4,PanUtils/pantools-pipeline-v4,RSD
pySDC,https://helmholtz.software/software/pysdc,https://github.com/Parallel-in-Time/pySDC,"['https://github.com/jakob-fritz/github2lab_action', 'https://github.com/Parallel-in-Time/pySDC']",Parallel-in-Time,pySDC,Parallel-in-Time/pySDC,HELMHOLTZ
PartitionedArrays.jl,https://research-software-directory.org/software/partitionedarraysjl,https://github.com/PartitionedArrays/PartitionedArrays.jl,['https://github.com/PartitionedArrays/PartitionedArrays.jl'],PartitionedArrays,PartitionedArrays.jl,PartitionedArrays/PartitionedArrays.jl,RSD
DL4PuDe,https://helmholtz.software/software/dl4pude,https://github.com/PedestrianDynamics/DL4PuDe,['https://github.com/PedestrianDynamics/DL4PuDe'],PedestrianDynamics,DL4PuDe,PedestrianDynamics/DL4PuDe,HELMHOLTZ
PeriHub,https://helmholtz.software/software/perihub,https://github.com/PeriHub/PeriHub,['https://github.com/PeriHub/PeriHub'],PeriHub,PeriHub,PeriHub/PeriHub,HELMHOLTZ
CPlantBox,https://helmholtz.software/software/cplantbox,https://github.com/Plant-Root-Soil-Interactions-Modelling/CPlantBox,['https://github.com/Plant-Root-Soil-Interactions-Modelling/CPlantBox'],Plant-Root-Soil-Interactions-Modelling,CPlantBox,Plant-Root-Soil-Interactions-Modelling/CPlantBox,HELMHOLTZ
Plus Toolkit,https://research-software-directory.org/software/plus-toolkit,https://github.com/PlusToolkit/PlusLib,['https://github.com/PlusToolkit/PlusLib'],PlusToolkit,PlusLib,PlusToolkit/PlusLib,RSD
PtyLab.m/py/jl,https://helmholtz.software/software/ptylab,https://github.com/PtyLab/PtyLab.py,['https://github.com/PtyLab/PtyLab.py'],PtyLab,PtyLab.py,PtyLab/PtyLab.py,HELMHOLTZ
FlowStrider,https://helmholtz.software/software/flowstrider,https://github.com/PyCQA/bandit,['https://github.com/PyCQA/bandit'],PyCQA,bandit,PyCQA/bandit,HELMHOLTZ
FAIRSECO,https://research-software-directory.org/software/fairseco,https://github.com/QDUNI/FairSECO,['https://github.com/QDUNI/FairSECO'],QDUNI,FairSECO,QDUNI/FairSECO,RSD
qumia-train-scripts,https://research-software-directory.org/software/qumia-train-scripts,https://github.com/QUMIA/train-scripts,['https://github.com/QUMIA/train-scripts'],QUMIA,train-scripts,QUMIA/train-scripts,RSD
qalcore,https://research-software-directory.org/software/qalcore,https://github.com/QuantumApplicationLab/qalcore,['https://github.com/QuantumApplicationLab/qalcore'],QuantumApplicationLab,qalcore,QuantumApplicationLab/qalcore,RSD
BenchmarkRecovery,https://research-software-directory.org/software/benchmarkrecovery,https://github.com/RETURN-project/BenchmarkRecovery,['https://github.com/RETURN-project/BenchmarkRecovery'],RETURN-project,BenchmarkRecovery,RETURN-project/BenchmarkRecovery,RSD
JupyterDaskOnSLURM,https://research-software-directory.org/software/jupyterdaskonslurm,https://github.com/RS-DAT/JupyterDaskOnSLURM,['https://github.com/RS-DAT/JupyterDaskOnSLURM'],RS-DAT,JupyterDaskOnSLURM,RS-DAT/JupyterDaskOnSLURM,RSD
Bending Stiffness,https://helmholtz.software/software/bending-stiffness,https://github.com/Ramy-Badr-Ahmed/Bending-Stiffness,['https://github.com/Ramy-Badr-Ahmed/Bending-Stiffness'],Ramy-Badr-Ahmed,Bending-Stiffness,Ramy-Badr-Ahmed/Bending-Stiffness,HELMHOLTZ
PerfectFit,https://research-software-directory.org/software/perfectfit,https://github.com/RasaHQ/rasa,"['https://github.com/RasaHQ/rasa', 'https://github.com/celery/celery', 'https://github.com/PerfectFit-project/virtual-coach-main']",RasaHQ,rasa,RasaHQ/rasa,RSD
ReStore,https://helmholtz.software/software/restore,https://github.com/ReStoreCpp/ReStore,['https://github.com/ReStoreCpp/ReStore'],ReStoreCpp,ReStore,ReStoreCpp/ReStore,HELMHOLTZ
ReSurfEMG,https://research-software-directory.org/software/resurfemg,https://github.com/ReSurfEMG/ReSurfEMG,['https://github.com/ReSurfEMG/ReSurfEMG'],ReSurfEMG,ReSurfEMG,ReSurfEMG/ReSurfEMG,RSD
QMflows,https://research-software-directory.org/software/qmflows,https://github.com/SCM-NV/qmflows,['https://github.com/SCM-NV/qmflows'],SCM-NV,qmflows,SCM-NV/qmflows,RSD
quafing,https://research-software-directory.org/software/quafing,https://github.com/SDCCA/quafing/,['https://github.com/SDCCA/quafing/'],SDCCA,quafing,SDCCA/quafing,RSD
AutoPQ,https://helmholtz.software/software/autopq,https://github.com/SMEISEN/AutoPQ,"['https://github.com/Helmholtz-AI-Energy/propulate', 'https://github.com/SMEISEN/AutoPQ', 'https://github.com/hyperopt/hyperopt']",SMEISEN,AutoPQ,SMEISEN/AutoPQ,HELMHOLTZ
SMG2S,https://helmholtz.software/software/smg2s,https://github.com/SMG2S/SMG2S,['https://github.com/SMG2S/SMG2S'],SMG2S,SMG2S,SMG2S/SMG2S,HELMHOLTZ
Code Auditor,https://research-software-directory.org/software/code-auditor,https://github.com/SS-NES/code-auditor,['https://github.com/SS-NES/code-auditor'],SS-NES,code-auditor,SS-NES/code-auditor,RSD
MEmilio,https://helmholtz.software/software/memilio,https://github.com/SciCompMod/memilio,['https://github.com/SciCompMod/memilio'],SciCompMod,memilio,SciCompMod/memilio,HELMHOLTZ
CoupledNODE,https://research-software-directory.org/software/couplednode,https://github.com/SciML/SciMLStyle,"['https://github.com/SciML/SciMLStyle', 'https://github.com/DEEPDIP-project/CoupledNODE.jl', 'https://github.com/DEEPDIP-project/AttentionLayer.jl', 'https://github.com/agdestein/IncompressibleNavierStokes.jl', 'https://github.com/DEEPDIP-project/ConvolutionalNeuralOperators.jl']",SciML,SciMLStyle,SciML/SciMLStyle,RSD
Mahiru,https://research-software-directory.org/software/mahiru,https://github.com/SecConNet/mahiru,['https://github.com/SecConNet/mahiru'],SecConNet,mahiru,SecConNet/mahiru,RSD
SimVascular,https://research-software-directory.org/software/simvascular,https://github.com/SimVascular/SimVascular,['https://github.com/SimVascular/SimVascular'],SimVascular,SimVascular,SimVascular/SimVascular,RSD
3D Slicer,https://research-software-directory.org/software/3d-slicer,https://github.com/Slicer/Slicer,['https://github.com/Slicer/Slicer'],Slicer,Slicer,Slicer/Slicer,RSD
SlicerIGT,https://research-software-directory.org/software/sliceraigt,https://github.com/SlicerIGT/aigt,"['https://github.com/SlicerIGT/aigt', 'https://github.com/SlicerIGT/SlicerIGT']",SlicerIGT,aigt,SlicerIGT/aigt,RSD
SlicerRT,https://research-software-directory.org/software/slicerrt,https://github.com/SlicerRt/SlicerRT,['https://github.com/SlicerRt/SlicerRT'],SlicerRt,SlicerRT,SlicerRt/SlicerRT,RSD
PSRDADA python,https://research-software-directory.org/software/psrdada-python,https://github.com/TRASAL/psrdada-python,['https://github.com/TRASAL/psrdada-python'],TRASAL,psrdada-python,TRASAL/psrdada-python,RSD
Aiida-CHAMP,https://research-software-directory.org/software/aiida-champ,https://github.com/TREX-CoE/aiida-champ,['https://github.com/TREX-CoE/aiida-champ'],TREX-CoE,aiida-champ,TREX-CoE/aiida-champ,RSD
MPET,https://research-software-directory.org/software/mpet,https://github.com/TRI-AMDD/mpet,['https://github.com/TRI-AMDD/mpet'],TRI-AMDD,mpet,TRI-AMDD/mpet,RSD
Bluesky software: underlying the publication “Distributed Conflict Resolution at High Traffic Densities with Reinforcement Learning”,https://research-software-directory.org/software/4tu-bluesky-software-underlying-the-publication-distributed-conflict-resolution-at-high-traffic-densities-with-reinforcement-learning,https://github.com/TUDelft-CNS-ATM/bluesky,['https://github.com/TUDelft-CNS-ATM/bluesky'],TUDelft-CNS-ATM,bluesky,TUDelft-CNS-ATM/bluesky,RSD
Code belonging to the publication: Closed-loop model-predictive wind farm flow control under time-varying inflow using FLORIDyn,https://research-software-directory.org/software/4tu-code-belonging-to-the-publication-closed-loop-model-predictive-wind-farm-flow-control-under-time-varying-inflow-using-floridyn,https://github.com/TUDelft-DataDrivenControl/OFF,"['https://github.com/TUDelft-DataDrivenControl/SOWFA', 'https://github.com/TUDelft-DataDrivenControl/OFF']",TUDelft-DataDrivenControl,OFF,TUDelft-DataDrivenControl/OFF,RSD
ParticleDA.jl,https://research-software-directory.org/software/particledajl,https://github.com/Team-RADDISH/ParticleDA.jl,['https://github.com/Team-RADDISH/ParticleDA.jl'],Team-RADDISH,ParticleDA.jl,Team-RADDISH/ParticleDA.jl,RSD
nedextract,https://research-software-directory.org/software/nedextract,https://github.com/Transparency-in-the-non-profit-sector/nedextract,['https://github.com/Transparency-in-the-non-profit-sector/nedextract'],Transparency-in-the-non-profit-sector,nedextract,Transparency-in-the-non-profit-sector/nedextract,RSD
Texcavator,https://research-software-directory.org/software/texcavator,https://github.com/UUDigitalHumanitieslab/texcavator,"['https://github.com/UUDigitalHumanitieslab/texcavator', 'https://github.com/UUDigitalHumanitieslab/I-analyzer']",UUDigitalHumanitieslab,texcavator,UUDigitalHumanitieslab/texcavator,RSD
Global Benchmark Database (GBD),https://helmholtz.software/software/global-benchmark-database-gbd,https://github.com/Udopia/gbd,"['https://github.com/Udopia/gbdc', 'https://github.com/Udopia/gbd']",Udopia,gbd,Udopia/gbd,HELMHOLTZ
Cityblocks,https://research-software-directory.org/software/cityblocks,https://github.com/Urban-M4/cityblocks,['https://github.com/Urban-M4/cityblocks'],Urban-M4,cityblocks,Urban-M4/cityblocks,RSD
IMAGE-LAND-LUE,https://research-software-directory.org/software/image-land-lue,https://github.com/UtrechtUniversity/IMAGE-LAND-LUE,['https://github.com/UtrechtUniversity/IMAGE-LAND-LUE'],UtrechtUniversity,IMAGE-LAND-LUE,UtrechtUniversity/IMAGE-LAND-LUE,RSD
Revisited Via Appia,https://research-software-directory.org/software/via-appia-revisited,https://github.com/Via-Appia/PattyVis,"['https://github.com/Via-Appia/via-appia-online-viewer', 'https://github.com/Via-Appia/PattyVis']",Via-Appia,PattyVis,Via-Appia/PattyVis,RSD
WAM2layers,https://research-software-directory.org/software/wam2layers,https://github.com/WAM2layers/WAM2layers,['https://github.com/WAM2layers/WAM2layers'],WAM2layers,WAM2layers,WAM2layers/WAM2layers,RSD
Scholia,https://research-software-directory.org/software/scholia,https://github.com/WDscholia/scholia,['https://github.com/WDscholia/scholia'],WDscholia,scholia,WDscholia/scholia,RSD
frbcat-web,https://research-software-directory.org/software/frbcat-web,https://github.com/aa-alert/frbcat-web,"['https://github.com/aa-alert/frbcat-web', 'https://github.com/AA-ALERT/frbcat-web']",aa-alert,frbcat-web,aa-alert/frbcat-web,RSD
QUAST,https://helmholtz.software/software/quast,https://github.com/ablab/quast/,['https://github.com/ablab/quast/'],ablab,quast,ablab/quast,HELMHOLTZ
HyperCanny,https://research-software-directory.org/software/hypercanny,https://github.com/abrupt-climate/hyper-canny,['https://github.com/abrupt-climate/hyper-canny'],abrupt-climate,hyper-canny,abrupt-climate/hyper-canny,RSD
BrainBrowser,https://research-software-directory.org/software/brainbrowser,https://github.com/aces/brainbrowser,"['https://github.com/aces/bigbrain-surface-viewer', 'https://github.com/aces/brainbrowser']",aces,brainbrowser,aces/brainbrowser,RSD
gravitools,https://helmholtz.software/software/gravitools,https://github.com/aewallin/allantools,"['https://github.com/Unidata/netcdf4-python', 'https://github.com/aewallin/allantools']",aewallin,allantools,aewallin/allantools,HELMHOLTZ
"RobustQO, data and codes related to the paper: ""Extending the scope of robust quadratic optimization.""",https://research-software-directory.org/software/4tu-robustqo-data-and-codes-related-to-the-paper-extending-the-scope-of-robust-quadratic-optimization,https://github.com/ahmadreza-marandi/RobustQO,['https://github.com/ahmadreza-marandi/RobustQO'],ahmadreza-marandi,RobustQO,ahmadreza-marandi/RobustQO,RSD
aiproteomics,https://research-software-directory.org/software/aiproteomics,https://github.com/aiproteomics/aiproteomics,['https://github.com/aiproteomics/aiproteomics'],aiproteomics,aiproteomics,aiproteomics/aiproteomics,RSD
GOLEM,https://helmholtz.software/software/golem,https://github.com/ajacquey/golem,"['https://github.com/ajacquey/golem-examples', 'https://github.com/ajacquey/golem']",ajacquey,golem,ajacquey/golem,HELMHOLTZ
methylKit,https://helmholtz.software/software/methylkit,https://github.com/al2na/methylKit,['https://github.com/al2na/methylKit'],al2na,methylKit,al2na/methylKit,HELMHOLTZ
DTBase,https://research-software-directory.org/software/dtbase,https://github.com/alan-turing-institute/CROP,"['https://github.com/alan-turing-institute/CROP', 'https://github.com/alan-turing-institute/DTBase']",alan-turing-institute,CROP,alan-turing-institute/CROP,RSD
ISAAC,https://helmholtz.software/software/isaac,https://github.com/alpaka-group/alpaka,"['https://github.com/alpaka-group/alpaka', 'https://github.com/ComputationalRadiationPhysics/isaac', 'https://github.com/ComputationalRadiationPhysics/picongpu']",alpaka-group,alpaka,alpaka-group/alpaka,HELMHOLTZ
MPI-AMRVAC,https://research-software-directory.org/software/amrvac,https://github.com/amrvac/AGILE-experimental,['https://github.com/amrvac/AGILE-experimental'],amrvac,AGILE-experimental,amrvac/AGILE-experimental,RSD
AMUSE,https://research-software-directory.org/software/amuse,https://github.com/amusecode/amuse,['https://github.com/amusecode/amuse'],amusecode,amuse,amusecode/amuse,RSD
Analizo,https://research-software-directory.org/software/analizo,https://github.com/analizo/analizo,['https://github.com/analizo/analizo'],analizo,analizo,analizo/analizo,RSD
UTILE-Oxy,https://helmholtz.software/software/utile-oxy,https://github.com/andyco98/UTILE-Oxy,"['https://github.com/andyco98/UTILE-Oxy', 'https://github.com/andyco98/UTILE-Oxy/']",andyco98,UTILE-Oxy,andyco98/UTILE-Oxy,HELMHOLTZ
PostWRF,https://helmholtz.software/software/postwrf,https://github.com/anikfal/PostWRF,['https://github.com/anikfal/PostWRF'],anikfal,PostWRF,anikfal/PostWRF,HELMHOLTZ
CellDetection,https://helmholtz.software/software/celldetection,https://github.com/apptainer/singularity,"['https://github.com/FZJ-INM1-BDA/celldetection-napari', 'https://github.com/apptainer/singularity', 'https://github.com/FZJ-INM1-BDA/celldetection']",apptainer,singularity,apptainer/singularity,HELMHOLTZ
adhtools,https://research-software-directory.org/software/adhtools,https://github.com/arabic-digital-humanities/adhtools,['https://github.com/arabic-digital-humanities/adhtools'],arabic-digital-humanities,adhtools,arabic-digital-humanities/adhtools,RSD
Arbor,https://helmholtz.software/software/arbor,https://github.com/arbor-sim/arbor/,['https://github.com/arbor-sim/arbor/'],arbor-sim,arbor,arbor-sim/arbor,HELMHOLTZ
Automating Requirements and Documentation Comprehension (ARDoCo),https://helmholtz.software/software/ardoco,https://github.com/ardoco/TLR,"['https://github.com/ardoco/inconsistency-detection', 'https://github.com/ardoco/core', 'https://github.com/ardoco/TLR']",ardoco,TLR,ardoco/TLR,HELMHOLTZ
PIQMIe,https://research-software-directory.org/software/piqmie,https://github.com/arnikz/PIQMIe,['https://github.com/arnikz/PIQMIe'],arnikz,PIQMIe,arnikz/PIQMIe,RSD
Arpra,https://research-software-directory.org/software/arpra,https://github.com/arpra-project/arpra,['https://github.com/arpra-project/arpra'],arpra-project,arpra,arpra-project/arpra,RSD
asreview-simulation,https://research-software-directory.org/software/asreview-simulation,https://github.com/asreview-simulation/asreview-simulation,['https://github.com/asreview-simulation/asreview-simulation'],asreview-simulation,asreview-simulation,asreview-simulation/asreview-simulation,RSD
ASTRA Toolbox,https://research-software-directory.org/software/astra-toolbox,https://github.com/astra-toolbox/astra-toolbox,['https://github.com/astra-toolbox/astra-toolbox'],astra-toolbox,astra-toolbox,astra-toolbox/astra-toolbox,RSD
Parcels,https://research-software-directory.org/software/parcels,https://github.com/astral-sh/ruff,"['https://github.com/OceanParcels/parcels', 'https://github.com/Jacketless/IKAMOANA', 'https://github.com/astral-sh/ruff']",astral-sh,ruff,astral-sh/ruff,RSD
MemRBC,https://helmholtz.software/software/memrbc,https://github.com/atfric/MemRBC,['https://github.com/atfric/MemRBC'],atfric,MemRBC,atfric/MemRBC,HELMHOLTZ
atoMEC,https://helmholtz.software/software/atomec,https://github.com/atomec-project/atoMEC,['https://github.com/atomec-project/atoMEC'],atomec-project,atoMEC,atomec-project/atoMEC,HELMHOLTZ
Discuit,https://research-software-directory.org/software/discuit,https://github.com/audreyr/cookiecutter,"['https://github.com/doerte/discuit-project', 'https://github.com/audreyr/cookiecutter', 'https://github.com/NLeSC/python-template']",audreyr,cookiecutter,audreyr/cookiecutter,RSD
Democracy Datasets,https://research-software-directory.org/software/democracy-datasets,https://github.com/backdem/democracy-datasets,['https://github.com/backdem/democracy-datasets'],backdem,democracy-datasets,backdem/democracy-datasets,RSD
Source code for: Assessing the Validity of a Calcifying Oral Biofilm Model as a Suitable Proxy for Dental Calculus,https://research-software-directory.org/software/4tu-source-code-for-assessing-the-validity-of-a-calcifying-oral-biofilm-model-as-a-suitable-proxy-for-dental-calculus,https://github.com/bbartholdy/byoc-valid,['https://github.com/bbartholdy/byoc-valid'],bbartholdy,byoc-valid,bbartholdy/byoc-valid,RSD
Kernel Tuner,https://research-software-directory.org/software/kernel-tuner,https://github.com/benvanwerkhoven/KM3Net,"['https://github.com/benvanwerkhoven/GPUGaussTransform', 'https://github.com/benvanwerkhoven/expdist', 'https://github.com/JungleComputing/common-source-identification-desktop', 'https://github.com/benvanwerkhoven/KM3Net', 'https://github.com/KernelTuner/kernel_tuner']",benvanwerkhoven,KM3Net,benvanwerkhoven/KM3Net,RSD
VarFish,https://helmholtz.software/software/varfish,https://github.com/bihealth/varfish-server,['https://github.com/bihealth/varfish-server'],bihealth,varfish-server,bihealth/varfish-server,HELMHOLTZ
paradigma,https://research-software-directory.org/software/paradigma,https://github.com/biomarkersParkinson/paradigma,['https://github.com/biomarkersParkinson/paradigma'],biomarkersParkinson,paradigma,biomarkersParkinson/paradigma,RSD
MeshIt,https://helmholtz.software/software/meshit,https://github.com/bloech/MeshIt,['https://github.com/bloech/MeshIt'],bloech,MeshIt,bloech/MeshIt,HELMHOLTZ
GridFormat,https://research-software-directory.org/software/gridformat,https://github.com/boost-ext/ut,"['https://github.com/boost-ext/ut', 'https://github.com/FEniCS/dolfinx', 'https://github.com/BlueBrain/HighFive']",boost-ext,ut,boost-ext/ut,RSD
cvasl,https://research-software-directory.org/software/cvasl,https://github.com/brainspinner/cvasl,['https://github.com/brainspinner/cvasl'],brainspinner,cvasl,brainspinner/cvasl,RSD
maftools,https://helmholtz.software/software/maftools,https://github.com/brentp/mosdepth,"['https://github.com/PoisonAlien/maftools', 'https://github.com/brentp/mosdepth', 'https://github.com/VanLoo-lab/ascat']",brentp,mosdepth,brentp/mosdepth,HELMHOLTZ
BridgeDb Java,https://research-software-directory.org/software/bridgedb-java,https://github.com/bridgedb/bridgedb,['https://github.com/bridgedb/bridgedb'],bridgedb,bridgedb,bridgedb/bridgedb,RSD
IncompressibleNavierStokes,https://research-software-directory.org/software/incompressiblenavierstokes,https://github.com/bsanderse/INS2D,"['https://github.com/bsanderse/INS2D', 'https://github.com/weymouth/WaterLily.jl/', 'https://github.com/JuliaTesting/Aqua.jl', 'https://github.com/Ferrite-FEM/Ferrite.jl', 'https://github.com/bsanderse/INS3D', 'https://github.com/trixi-framework/Trixi.jl', 'https://github.com/agdestein/DivergenceConsistency', 'https://github.com/gridap/Gridap.jl', 'https://github.com/CliMA/Oceananigans.jl', 'https://github.com/JuliaPlots/Makie.jl', 'https://github.com/CliMA/ClimaCore.jl', 'https://github.com/FourierFlows/FourierFlows.jl', 'https://github.com/agdestein/IncompressibleNavierStokes.jl']",bsanderse,INS2D,bsanderse/INS2D,RSD
Beyond the book,https://research-software-directory.org/software/beyond-the-book,https://github.com/c-martinez/BeyondTheBook,['https://github.com/c-martinez/BeyondTheBook'],c-martinez,BeyondTheBook,c-martinez/BeyondTheBook,RSD
CanDIG CHORD,https://research-software-directory.org/software/candig-chord,https://github.com/c3g/chord_singularity,['https://github.com/c3g/chord_singularity'],c3g,chord_singularity,c3g/chord_singularity,RSD
c3s-magic-wps,https://research-software-directory.org/software/c3s-magic-wps,https://github.com/c3s-magic/c3s-magic-wps,['https://github.com/c3s-magic/c3s-magic-wps'],c3s-magic,c3s-magic-wps,c3s-magic/c3s-magic-wps,RSD
QTLTableMiner++,https://research-software-directory.org/software/qtl-tableminer,https://github.com/candYgene/QTM,['https://github.com/candYgene/QTM'],candYgene,QTM,candYgene/QTM,RSD
Canadian Advanced Network for Astronomical Research (CANFAR),https://research-software-directory.org/software/canadian-advanced-network-for-astronomical-research-canfar,https://github.com/canfar/canfarproc,"['https://github.com/canfar/canfarproc', 'https://github.com/canfar/storage-prototype']",canfar,canfarproc,canfar/canfarproc,RSD
Carbon Budget Explorer (CABE),https://research-software-directory.org/software/carbon-budget-explorer-cabe,https://github.com/carbon-budget-explorer/cabe,['https://github.com/carbon-budget-explorer/cabe'],carbon-budget-explorer,cabe,carbon-budget-explorer/cabe,RSD
Introduction to Geospatial Raster and Vector Data with Python,https://research-software-directory.org/software/geospatial-python,https://github.com/carpentries-incubator/geospatial-python,['https://github.com/carpentries-incubator/geospatial-python'],carpentries-incubator,geospatial-python,carpentries-incubator/geospatial-python,RSD
Introduction to deep learning lesson,https://research-software-directory.org/software/introduction-to-deep-learning-lesson,https://github.com/carpentries-lab/deep-learning-intro/,"['https://github.com/carpentries-incubator/deep-learning-intro', 'https://github.com/carpentries-lab/deep-learning-intro/']",carpentries-lab,deep-learning-intro,carpentries-lab/deep-learning-intro,RSD
caselawnet,https://research-software-directory.org/software/caselawanalytics,https://github.com/caselawanalytics/CaseLawAnalytics,['https://github.com/caselawanalytics/CaseLawAnalytics'],caselawanalytics,CaseLawAnalytics,caselawanalytics/CaseLawAnalytics,RSD
Minterpy,https://helmholtz.software/software/minterpy,https://github.com/casus/minterpy,['https://github.com/casus/minterpy'],casus,minterpy,casus/minterpy,HELMHOLTZ
Trixi.jl,https://helmholtz.software/software/trixijl,https://github.com/cburstedde/p4est,"['https://github.com/JuliaPlots/Plots.jl', 'https://github.com/adrhill/SparseConnectivityTracer.jl', 'https://github.com/JuliaTesting/Aqua.jl', 'https://github.com/trixi-framework/Trixi.jl', 'https://github.com/trixi-framework/paper-self-gravitating-gas-dynamics', 'https://github.com/trixi-framework/TrixiShallowWater.jl', 'https://github.com/trixi-framework/talk-2022-juliacon_toolchain', 'https://github.com/cburstedde/p4est', 'https://github.com/ranocha/SummationByPartsOperators.jl', 'https://github.com/trixi-framework/Trixi2Vtk.jl', 'https://github.com/JuliaDiff/ForwardDiff.jl', 'https://github.com/trixi-framework/P4est.jl', 'https://github.com/SciML/OrdinaryDiffEq.jl']",cburstedde,p4est,cburstedde/p4est,HELMHOLTZ
Mibianto,https://helmholtz.software/software/mibianto,https://github.com/ccb-sb/mibianto,['https://github.com/ccb-sb/mibianto'],ccb-sb,mibianto,ccb-sb/mibianto,HELMHOLTZ
Chemistry Development Kit,https://research-software-directory.org/software/cdk,https://github.com/cdk/cdk,['https://github.com/cdk/cdk'],cdk,cdk,cdk/cdk,RSD
self-hosted runners,https://research-software-directory.org/software/self-hosted-runners,https://github.com/ci-for-science/example-python-1,"['https://github.com/ci-for-science/example-gpu-houston', 'https://github.com/ci-for-science/example-python-1', 'https://github.com/ci-for-science/example-python-monte-carlo-pi', 'https://github.com/ci-for-science/example-hello-world', 'https://github.com/ci-for-science/self-hosted-runners']",ci-for-science,example-python-1,ci-for-science/example-python-1,RSD
Citation File Format,https://research-software-directory.org/software/citation-file-format,https://github.com/citation-file-format/citation-file-format,['https://github.com/citation-file-format/citation-file-format'],citation-file-format,citation-file-format,citation-file-format/citation-file-format,RSD
ISAAC Chrome extension,https://research-software-directory.org/software/isaac-chrome-extension,https://github.com/citation-js/isaac-chrome-extension,['https://github.com/citation-js/isaac-chrome-extension'],citation-js,isaac-chrome-extension,citation-js/isaac-chrome-extension,RSD
CLASS-web,https://research-software-directory.org/software/class-web,https://github.com/classmodel/class-web,['https://github.com/classmodel/class-web'],classmodel,class-web,classmodel/class-web,RSD
VelocityConversion,https://helmholtz.software/software/velocityconversion,https://github.com/cmeessen/VelocityConversion,['https://github.com/cmeessen/VelocityConversion'],cmeessen,VelocityConversion,cmeessen/VelocityConversion,HELMHOLTZ
SAM Java and Matlab code for running and analysis the experiments in the  PhD Thesis: Self-Organizing Multi-Agent Systems,https://research-software-directory.org/software/4tu-sam-java-and-matlab-code-for-running-and-analysis-the-experiments-in-the-phd-thesis-self-organizing-multi-agent-systems,https://github.com/coenvl/jSAM,"['https://github.com/coenvl/jSAM', 'https://github.com/coenvl/mSAM']",coenvl,jSAM,coenvl/jSAM,RSD
Collens,https://research-software-directory.org/software/collens,https://github.com/collaite/collens,['https://github.com/collaite/collens'],collaite,collens,collaite/collens,RSD
cwltool,https://research-software-directory.org/software/cwltool,https://github.com/common-workflow-language/cwltool,['https://github.com/common-workflow-language/cwltool'],common-workflow-language,cwltool,common-workflow-language/cwltool,RSD
LUE,https://research-software-directory.org/software/lue,https://github.com/computationalgeography/lue,['https://github.com/computationalgeography/lue'],computationalgeography,lue,computationalgeography/lue,RSD
ioProc,https://helmholtz.software/software/ioproc,https://github.com/conda-forge/ioproc-feedstock,['https://github.com/conda-forge/ioproc-feedstock'],conda-forge,ioproc-feedstock,conda-forge/ioproc-feedstock,HELMHOLTZ
COPASI,https://research-software-directory.org/software/copasi,https://github.com/copasi/COPASI,['https://github.com/copasi/COPASI'],copasi,COPASI,copasi/COPASI,RSD
CP2K,https://helmholtz.software/software/cp2k,https://github.com/cp2k/cp2k,"['https://github.com/cp2k/cp2k', 'https://github.com/cp2k/dbcsr']",cp2k,cp2k,cp2k/cp2k,HELMHOLTZ
Mimetic Operators Library Enhanced (MOLE),https://research-software-directory.org/software/mimetic-operators-library-enhanced-mole,https://github.com/csrc-sdsu/mole,['https://github.com/csrc-sdsu/mole'],csrc-sdsu,mole,csrc-sdsu/mole,RSD
CWRC-Writer,https://research-software-directory.org/software/cwrc-writer,https://github.com/cwrc/CWRC-WriterBase,['https://github.com/cwrc/CWRC-WriterBase'],cwrc,CWRC-WriterBase,cwrc/CWRC-WriterBase,RSD
rWikiPathways,https://research-software-directory.org/software/rwikipathways,https://github.com/cytoscape/RCy3,"['https://github.com/cytoscape/RCy3', 'https://github.com/BiGCAT-UM/bridgedb-r']",cytoscape,RCy3,cytoscape/RCy3,RSD
dCache,https://helmholtz.software/software/dcache,https://github.com/dCache/dcache,['https://github.com/dCache/dcache'],dCache,dcache,dCache/dcache,HELMHOLTZ
DALES,https://research-software-directory.org/software/dales,https://github.com/dalesteam/dales,['https://github.com/dalesteam/dales'],dalesteam,dales,dalesteam/dales,RSD
DataLad,https://helmholtz.software/software/datalad,https://github.com/datalad/datalad,['https://github.com/datalad/datalad'],datalad,datalad,datalad/datalad,HELMHOLTZ
Review Argumentation at Scale,https://research-software-directory.org/software/review-argumentation-at-scale,https://github.com/davideceolin/FAReviews,['https://github.com/davideceolin/FAReviews'],davideceolin,FAReviews,davideceolin/FAReviews,RSD
RadPlanBio,https://helmholtz.software/software/radplanbio,https://github.com/ddRPB/rpb,['https://github.com/ddRPB/rpb'],ddRPB,rpb,ddRPB/rpb,HELMHOLTZ
"ASPECT - The Advanced Solver for Planetary Evolution, Convection, and Tectonics",https://helmholtz.software/software/aspect,https://github.com/dealii/dealii,"['https://github.com/dealii/dealii', 'https://github.com/geodynamics/aspect']",dealii,dealii,dealii/dealii,HELMHOLTZ
FastSurfer,https://helmholtz.software/software/fastsurfer,https://github.com/deep-mi/FastSurfer,"['https://github.com/deep-mi/FastSurfer', 'https://github.com/deep-MI/FastSurfer/', 'https://github.com/deep-mi/fastsurfer', 'https://github.com/deep-mi/qatools-python']",deep-mi,FastSurfer,deep-mi/FastSurfer,HELMHOLTZ
IUI2025_ConvXAI,https://research-software-directory.org/software/4tu-iui2025-convxai,https://github.com/delftcrowd/IUI2025_ConvXAI,['https://github.com/delftcrowd/IUI2025_ConvXAI'],delftcrowd,IUI2025_ConvXAI,delftcrowd/IUI2025_ConvXAI,RSD
GSTools,https://helmholtz.software/software/gstools,https://github.com/dfm/emcee,"['https://github.com/GeoStat-Framework/GSTools-Core', 'https://github.com/GeoStat-Framework/GSTools', 'https://github.com/pyscience-projects/pyevtk', 'https://github.com/dfm/emcee', 'https://github.com/nschloe/meshio', 'https://github.com/ambv/black', 'https://github.com/steven-murray/hankel']",dfm,emcee,dfm/emcee,HELMHOLTZ
fsbrain,https://research-software-directory.org/software/fsbrain,https://github.com/dfsp-spirit/fsbrain,['https://github.com/dfsp-spirit/fsbrain'],dfsp-spirit,fsbrain,dfsp-spirit/fsbrain,RSD
DIANNA,https://research-software-directory.org/software/dianna,https://github.com/dianna-ai/dianna,['https://github.com/dianna-ai/dianna'],dianna-ai,dianna,dianna-ai/dianna,RSD
Petri Nets on Hyperledger,https://research-software-directory.org/software/petri-nets-on-hyperledger,https://github.com/dl4ld/petrinet,['https://github.com/dl4ld/petrinet'],dl4ld,petrinet,dl4ld/petrinet,RSD
ukis-csmask,https://helmholtz.software/software/ukis-csmask,https://github.com/dlr-eoc/ukis-pysat,"['https://github.com/dlr-eoc/ukis-csmask', 'https://github.com/dlr-eoc/ukis-pysat']",dlr-eoc,ukis-pysat,dlr-eoc/ukis-pysat,HELMHOLTZ
Mallob,https://helmholtz.software/software/mallob,https://github.com/domschrei/mallob,['https://github.com/domschrei/mallob'],domschrei,mallob,domschrei/mallob,HELMHOLTZ
cleanX,https://research-software-directory.org/software/cleanx,https://github.com/drcandacemakedamoore/cleanX,['https://github.com/drcandacemakedamoore/cleanX'],drcandacemakedamoore,cleanX,drcandacemakedamoore/cleanX,RSD
dtscalibration,https://research-software-directory.org/software/dtscalibration,https://github.com/dtscalibration/python-dts-calibration,['https://github.com/dtscalibration/python-dts-calibration'],dtscalibration,python-dts-calibration,dtscalibration/python-dts-calibration,RSD
duqtools,https://research-software-directory.org/software/duqtools,https://github.com/duqtools/duqtools,['https://github.com/duqtools/duqtools'],duqtools,duqtools,duqtools/duqtools,RSD
Data Processing (What Works When for Whom),https://research-software-directory.org/software/dataprocessing,https://github.com/e-mental-health/data-processing,['https://github.com/e-mental-health/data-processing'],e-mental-health,data-processing,e-mental-health/data-processing,RSD
matRad,https://helmholtz.software/software/matrad,https://github.com/e0404/matRad,['https://github.com/e0404/matRad'],e0404,matRad,e0404/matRad,HELMHOLTZ
Laserfarm,https://research-software-directory.org/software/laserfarm,https://github.com/eEcoLiDAR/Laserfarm,['https://github.com/eEcoLiDAR/Laserfarm'],eEcoLiDAR,Laserfarm,eEcoLiDAR/Laserfarm,RSD
PyELSEPA,https://research-software-directory.org/software/pyelsepa,https://github.com/eScatter/pyelsepa,['https://github.com/eScatter/pyelsepa'],eScatter,pyelsepa,eScatter/pyelsepa,RSD
Cesium-ncWMS,https://research-software-directory.org/software/cesium-ncwms,https://github.com/eWaterCycle/Cesium-NcWMS,['https://github.com/eWaterCycle/Cesium-NcWMS'],eWaterCycle,Cesium-NcWMS,eWaterCycle/Cesium-NcWMS,RSD
SUMO,https://helmholtz.software/software/sumo,https://github.com/eclipse-sumo/sumo,['https://github.com/eclipse-sumo/sumo'],eclipse-sumo,sumo,eclipse-sumo/sumo,HELMHOLTZ
Argon Laser-Plasma Thruster - Design and Test of a Laboratory Model - Processing and Analysis Code,https://research-software-directory.org/software/4tu-argon-laser-plasma-thruster-design-and-test-of-a-laboratory-model-processing-and-analysis-code,https://github.com/eeduplay/MScThesis,['https://github.com/eeduplay/MScThesis'],eeduplay,MScThesis,eeduplay/MScThesis,RSD
EEG_age_prediction,https://research-software-directory.org/software/eegageprediction,https://github.com/eegyolk-ai/EEG_age_prediction,['https://github.com/eegyolk-ai/EEG_age_prediction'],eegyolk-ai,EEG_age_prediction,eegyolk-ai/EEG_age_prediction,RSD
Bacting,https://research-software-directory.org/software/bacting,https://github.com/egonw/bacting,['https://github.com/egonw/bacting'],egonw,bacting,egonw/bacting,RSD
talkr,https://research-software-directory.org/software/talkr,https://github.com/elpaco-escience/talkr,"['https://github.com/elpaco-escience/scikit-talk', 'https://github.com/elpaco-escience/talkr']",elpaco-escience,talkr,elpaco-escience/talkr,RSD
Emo-spectre,https://research-software-directory.org/software/emo-spectre,https://github.com/emrecdem/emo-spectre,['https://github.com/emrecdem/emo-spectre'],emrecdem,emo-spectre,emrecdem/emo-spectre,RSD
Brei,https://research-software-directory.org/software/brei,https://github.com/entangled/brei,['https://github.com/entangled/brei'],entangled,brei,entangled/brei,RSD
WRFpy,https://research-software-directory.org/software/wrfpy,https://github.com/era-urban/wrfpy,['https://github.com/era-urban/wrfpy'],era-urban,wrfpy,era-urban/wrfpy,RSD
LiberTEM,https://helmholtz.software/software/libertem,https://github.com/ercius/openNCEM,"['https://github.com/LiberTEM/LiberTEM-live', 'https://github.com/LiberTEM/LiberTEM/', 'https://github.com/ercius/openNCEM']",ercius,openNCEM,ercius/openNCEM,HELMHOLTZ
I-EMIC,https://research-software-directory.org/software/i-emic,https://github.com/erik808/jdqzpp,"['https://github.com/nlesc-smcm/easybuild', 'https://github.com/erik808/jdqzpp', 'https://github.com/nlesc-smcm/i-emic']",erik808,jdqzpp,erik808/jdqzpp,RSD
NEBULA,https://research-software-directory.org/software/nebula,https://github.com/esciencecenter-digital-skills/NEBULA,"['https://github.com/esciencecenter-digital-skills/NEBULA', 'https://github.com/esciencecenter-digital-skills/NEBULA-docs', 'https://github.com/esciencecenter-digital-skills/NEBULA-content-template']",esciencecenter-digital-skills,NEBULA,esciencecenter-digital-skills/NEBULA,RSD
ESM-Tools,https://helmholtz.software/software/esm-tools,https://github.com/esm-tools/esm_tools,['https://github.com/esm-tools/esm_tools'],esm-tools,esm_tools,esm-tools/esm_tools,HELMHOLTZ
Atlas of climate projections,https://research-software-directory.org/software/eucp-atlas,https://github.com/eucp-project/atlas,['https://github.com/eucp-project/atlas'],eucp-project,atlas,eucp-project/atlas,RSD
argopy,https://research-software-directory.org/software/argopy,https://github.com/euroargodev/argopy,['https://github.com/euroargodev/argopy'],euroargodev,argopy,euroargodev/argopy,RSD
supervillain,https://helmholtz.software/software/supervillain,https://github.com/evanberkowitz/supervillain,['https://github.com/evanberkowitz/supervillain'],evanberkowitz,supervillain,evanberkowitz/supervillain,HELMHOLTZ
era5cli,https://research-software-directory.org/software/era5cli,https://github.com/ewatercycle/era5cli,['https://github.com/ewatercycle/era5cli'],ewatercycle,era5cli,ewatercycle/era5cli,RSD
SimCATS,https://helmholtz.software/software/simcats,https://github.com/f-hader/SimCATS/,['https://github.com/f-hader/SimCATS/'],f-hader,SimCATS,f-hader/SimCATS,HELMHOLTZ
FAIR Data Point Client,https://research-software-directory.org/software/fairdatapoint-client,https://github.com/fair-data/fairdatapoint-client,['https://github.com/fair-data/fairdatapoint-client'],fair-data,fairdatapoint-client,fair-data/fairdatapoint-client,RSD
fairtally,https://research-software-directory.org/software/fairtally,https://github.com/fair-software/fairtally,['https://github.com/fair-software/fairtally'],fair-software,fairtally,fair-software/fairtally,RSD
NanopubJL,https://research-software-directory.org/software/nanopubjl,https://github.com/fair-workflows/NanopubJL,['https://github.com/fair-workflows/NanopubJL'],fair-workflows,NanopubJL,fair-workflows/NanopubJL,RSD
Drug named entity recognition,https://research-software-directory.org/software/drug-named-entity-recognition,https://github.com/fastdatascience/drug_named_entity_recognition,['https://github.com/fastdatascience/drug_named_entity_recognition'],fastdatascience,drug_named_entity_recognition,fastdatascience/drug_named_entity_recognition,RSD
Fastscape Toolbox,https://helmholtz.software/software/fastscape-toolbox,https://github.com/fastscape-lem/adascape,"['https://github.com/fastscape-lem/ipyfastscape', 'https://github.com/fastscape-lem/fastscapelib', 'https://github.com/fastscape-lem/adascape', 'https://github.com/fastscape-lem/fastscape', 'https://github.com/fastscape-lem/workshop-xsimlab-grenoble-10-2022', 'https://github.com/fastscape-lem/fastscape-litho', 'https://github.com/fastscape-lem/workshop-gfz-2021-01', 'https://github.com/fastscape-lem/s2s-future-dragonstone', 'https://github.com/fastscape-lem/orographic-precipitation', 'https://github.com/fastscape-lem/crc-1211-short-course', 'https://github.com/fastscape-lem/landscape-booth', 'https://github.com/fastscape-lem/gilbert-board', 'https://github.com/fastscape-lem/isterre-short-course', 'https://github.com/fastscape-lem/fastscapelib-fortran', 'https://github.com/fastscape-lem/VariableSPIM', 'https://github.com/xarray-contrib/xarray-simlab']",fastscape-lem,adascape,fastscape-lem/adascape,HELMHOLTZ
EnrichedHeatmap,https://helmholtz.software/software/enrichedheatmap,https://github.com/fidelram/deepTools,"['https://github.com/jokergoo/EnrichedHeatmap', 'https://github.com/fidelram/deepTools', 'https://github.com/jokergoo/ComplexHeatmap', 'https://github.com/shenlab-sinai/ngsplot']",fidelram,deepTools,fidelram/deepTools,HELMHOLTZ
simtools,https://helmholtz.software/software/simtools,https://github.com/gammasim/simtools/,['https://github.com/gammasim/simtools/'],gammasim,simtools,gammasim/simtools,HELMHOLTZ
Geoflow visualizer,https://research-software-directory.org/software/geoflow-visualizer,https://github.com/geoflow-visualizer/geoflow-visualizer,['https://github.com/geoflow-visualizer/geoflow-visualizer'],geoflow-visualizer,geoflow-visualizer,geoflow-visualizer/geoflow-visualizer,RSD
Atlascine,https://research-software-directory.org/software/atlascine,https://github.com/geomedialab/atlascine,['https://github.com/geomedialab/atlascine'],geomedialab,atlascine,geomedialab/atlascine,RSD
deus,https://helmholtz.software/software/deus,https://github.com/gfzriesgos/deus,['https://github.com/gfzriesgos/deus'],gfzriesgos,deus,gfzriesgos/deus,HELMHOLTZ
Ginkgo,https://helmholtz.software/software/ginkgo,https://github.com/ginkgo-project/ginkgo/,['https://github.com/ginkgo-project/ginkgo/'],ginkgo-project,ginkgo,ginkgo-project/ginkgo,HELMHOLTZ
Glotaran,https://research-software-directory.org/software/glotaran,https://github.com/glotaran/pyglotaran,"['https://github.com/glotaran/glotaran-legacy/', 'https://github.com/glotaran/pyglotaran']",glotaran,pyglotaran,glotaran/pyglotaran,RSD
LightHouse,https://helmholtz.software/software/lighthouse,https://github.com/go-oidfed/lib,"['https://github.com/go-oidfed/lib', 'https://github.com/go-oidfed/offa', 'https://github.com/go-oidfed/lighthouse', 'https://github.com/go-oidfed/whoami-rp']",go-oidfed,lib,go-oidfed/lib,HELMHOLTZ
Sample dataset and software for FAST-EM array tomography,https://research-software-directory.org/software/4tu-sample-dataset-and-software-for-fast-em-array-tomography,https://github.com/google-research/sofima,['https://github.com/google-research/sofima'],google-research,sofima,google-research/sofima,RSD
Kaapana,https://helmholtz.software/software/kaapana,https://github.com/grafana/grafana,"['https://github.com/wasserth/TotalSegmentator', 'https://github.com/prometheus/prometheus', 'https://github.com/grafana/grafana', 'https://github.com/kaapana/kaapana', 'https://github.com/MIC-DKFZ/nnunet']",grafana,grafana,grafana/grafana,HELMHOLTZ
FluvGAN: Python scripts to test generating and inverting fluvial deposits using GANs,https://research-software-directory.org/software/4tu-fluvgan-python-scripts-to-test-generating-and-inverting-fluvial-deposits-using-gans,https://github.com/grongier/voxgan,"['https://github.com/childmodel/child', 'https://github.com/grongier/voxgan']",grongier,voxgan,grongier/voxgan,RSD
H-gear,https://research-software-directory.org/software/h-gear,https://github.com/h-gear/revolution,['https://github.com/h-gear/revolution'],h-gear,revolution,h-gear/revolution,RSD
haddock3,https://research-software-directory.org/software/haddock3,https://github.com/haddocking/haddock3,['https://github.com/haddocking/haddock3'],haddocking,haddock3,haddocking/haddock3,RSD
Harmony,https://research-software-directory.org/software/harmony,https://github.com/harmonydata/harmony,['https://github.com/harmonydata/harmony'],harmonydata,harmony,harmonydata/harmony,RSD
scPower,https://helmholtz.software/software/scpower,https://github.com/heiniglab/scPower,['https://github.com/heiniglab/scPower'],heiniglab,scPower,heiniglab/scPower,HELMHOLTZ
Heat,https://helmholtz.software/software/heat,https://github.com/helmholtz-analytics/heat,['https://github.com/helmholtz-analytics/heat'],helmholtz-analytics,heat,helmholtz-analytics/heat,HELMHOLTZ
pydidas,https://helmholtz.software/software/pydidas,https://github.com/hereon-GEMS/pydidas/,['https://github.com/hereon-GEMS/pydidas/'],hereon-GEMS,pydidas,hereon-GEMS/pydidas,HELMHOLTZ
Ansible Collection - hifis.toolkit,https://helmholtz.software/software/ansible-collection-toolkit,https://github.com/hifis-net/ansible-collection-toolkit,['https://github.com/hifis-net/ansible-collection-toolkit'],hifis-net,ansible-collection-toolkit,hifis-net/ansible-collection-toolkit,HELMHOLTZ
"Microscopy data, code and analysis underlying the publication ""Optical STEM detection for scanning electron microscopy""",https://research-software-directory.org/software/4tu-microscopy-data-code-and-analysis-underlying-the-publication-optical-stem-detection-for-scanning-electron-microscopy,https://github.com/hoogenboom-group/Kievits-OSTEM-2023,['https://github.com/hoogenboom-group/Kievits-OSTEM-2023'],hoogenboom-group,Kievits-OSTEM-2023,hoogenboom-group/Kievits-OSTEM-2023,RSD
HPGEM,https://research-software-directory.org/software/hpgem,https://github.com/hpgem/hpgem,"['https://github.com/hpgem/nanomesh', 'https://github.com/hpgem/hpgem']",hpgem,hpgem,hpgem/hpgem,RSD
CRSUTIL Coordinate and Time Reference System Matlab Toolbox,https://research-software-directory.org/software/4tu-crsutil-coordinate-and-time-reference-system-matlab-toolbox,https://github.com/hvandermarel/crsutil-matlab-toolbox,['https://github.com/hvandermarel/crsutil-matlab-toolbox'],hvandermarel,crsutil-matlab-toolbox,hvandermarel/crsutil-matlab-toolbox,RSD
RAYX,https://helmholtz.software/software/rayx,https://github.com/hz-b/rayx,['https://github.com/hz-b/rayx'],hz-b,rayx,hz-b/rayx,HELMHOLTZ
RiboDetector,https://helmholtz.software/software/ribodetector,https://github.com/hzi-bifo/RiboDetector,['https://github.com/hzi-bifo/RiboDetector'],hzi-bifo,RiboDetector,hzi-bifo/RiboDetector,HELMHOLTZ
Prospective Monitoring and Management - App (PIA),https://helmholtz.software/software/pia,https://github.com/hzi-braunschweig/pia-system,['https://github.com/hzi-braunschweig/pia-system'],hzi-braunschweig,pia-system,hzi-braunschweig/pia-system,HELMHOLTZ
Components for Haddock3 analysis,https://research-software-directory.org/software/haddock3-analysis-components,https://github.com/i-VRESSE/haddock3-analysis-components,['https://github.com/i-VRESSE/haddock3-analysis-components'],i-VRESSE,haddock3-analysis-components,i-VRESSE/haddock3-analysis-components,RSD
iBridges-GUI,https://research-software-directory.org/software/ibridges-gui,https://github.com/iBridges-for-iRods/iBridges-GUI,['https://github.com/iBridges-for-iRods/iBridges-GUI'],iBridges-for-iRods,iBridges-GUI,iBridges-for-iRods/iBridges-GUI,RSD
python-icat,https://helmholtz.software/software/python-icat,https://github.com/icatproject/python-icat,['https://github.com/icatproject/python-icat'],icatproject,python-icat,icatproject/python-icat,HELMHOLTZ
Effort Sharing,https://research-software-directory.org/software/effort-sharing,https://github.com/imagepbl/effort-sharing,['https://github.com/imagepbl/effort-sharing'],imagepbl,effort-sharing,imagepbl/effort-sharing,RSD
Watts,https://helmholtz.software/software/watts,https://github.com/indigo-dc/tts,['https://github.com/indigo-dc/tts'],indigo-dc,tts,indigo-dc/tts,HELMHOLTZ
Inseq,https://research-software-directory.org/software/inseq,https://github.com/inseq-team/inseq,['https://github.com/inseq-team/inseq'],inseq-team,inseq,inseq-team/inseq,RSD
Paired omics data platform,https://research-software-directory.org/software/pairedomicsdata,https://github.com/iomega/paired-data-form,['https://github.com/iomega/paired-data-form'],iomega,paired-data-form,iomega/paired-data-form,RSD
clumpedr,https://research-software-directory.org/software/clumpedr,https://github.com/isoverse/clumpedr/,['https://github.com/isoverse/clumpedr/'],isoverse,clumpedr,isoverse/clumpedr,RSD
sirup,https://research-software-directory.org/software/sirup,https://github.com/ivory-tower-private-power/sirup,['https://github.com/ivory-tower-private-power/sirup'],ivory-tower-private-power,sirup,ivory-tower-private-power/sirup,RSD
Tigramite,https://helmholtz.software/software/tigramite,https://github.com/jakobrunge/tigramite,['https://github.com/jakobrunge/tigramite'],jakobrunge,tigramite,jakobrunge/tigramite,HELMHOLTZ
SciTS,https://helmholtz.software/software/scits,https://github.com/jalalmostafa/SciTS,"['https://github.com/jalalmostafa/SciTS', 'https://github.com/nicolargo/glances/']",jalalmostafa,SciTS,jalalmostafa/SciTS,HELMHOLTZ
Vertical Conflict Resolution in Layered Airspace with Reinforcement Learning using the BlueSky Open Air Traffic Simulator,https://research-software-directory.org/software/4tu-vertical-conflict-resolution-in-layered-airspace-with-reinforcement-learning-using-the-bluesky-open-air-traffic-simulator,https://github.com/jangroter/TrafficDensityImpactRL,['https://github.com/jangroter/TrafficDensityImpactRL'],jangroter,TrafficDensityImpactRL,jangroter/TrafficDensityImpactRL,RSD
svnecR,https://research-software-directory.org/software/svnecr,https://github.com/japhir/snvecR,['https://github.com/japhir/snvecR'],japhir,snvecR,japhir/snvecR,RSD
jaspProcess,https://research-software-directory.org/software/jaspprocess,https://github.com/jasp-stats/jaspProcess,['https://github.com/jasp-stats/jaspProcess'],jasp-stats,jaspProcess,jasp-stats/jaspProcess,RSD
JASP modules app,https://research-software-directory.org/software/jasp-modules-app,https://github.com/jasp-stats-modules/modules-app,['https://github.com/jasp-stats-modules/modules-app'],jasp-stats-modules,modules-app,jasp-stats-modules/modules-app,RSD
GraphvizDotLang.jl,https://research-software-directory.org/software/graphvizdotlangjl,https://github.com/jhidding/GraphvizDotLang.jl,['https://github.com/jhidding/GraphvizDotLang.jl'],jhidding,GraphvizDotLang.jl,jhidding/GraphvizDotLang.jl,RSD
MUSICiAn,https://research-software-directory.org/software/4tu-musician,https://github.com/joanagoncalveslab/MUSICiAn,['https://github.com/joanagoncalveslab/MUSICiAn'],joanagoncalveslab,MUSICiAn,joanagoncalveslab/MUSICiAn,RSD
holodev,https://research-software-directory.org/software/holodev,https://github.com/joenio/holodev,['https://github.com/joenio/holodev'],joenio,holodev,joenio/holodev,RSD
Radiative forcing of hypersonic aircraft trajectories,https://helmholtz.software/software/radiative-forcing-of-hypersonic-aircraft-trajectories,https://github.com/johannespletzer/rf-of-hypersonic-trajectories/,['https://github.com/johannespletzer/rf-of-hypersonic-trajectories/'],johannespletzer,rf-of-hypersonic-trajectories,johannespletzer/rf-of-hypersonic-trajectories,HELMHOLTZ
"2x2, 3x3 and nxn Space-Filling Curves",https://helmholtz.software/software/2x2-3x3-and-nxn-space-filling-curves,https://github.com/jokergoo/sfcurve,['https://github.com/jokergoo/sfcurve'],jokergoo,sfcurve,jokergoo/sfcurve,HELMHOLTZ
JPlag,https://helmholtz.software/software/jplag,https://github.com/jplag/JPlag,"['https://github.com/jplag/JPlag', 'https://github.com/jplag/JPlag/']",jplag,JPlag,jplag/JPlag,HELMHOLTZ
Julearn,https://helmholtz.software/software/julearn,https://github.com/juaml/julearn,['https://github.com/juaml/julearn'],juaml,julearn,juaml/julearn,HELMHOLTZ
MO|DE.behave,https://helmholtz.software/software/mode-behave,https://github.com/julianreul/mode_behave,['https://github.com/julianreul/mode_behave'],julianreul,mode_behave,julianreul/mode_behave,HELMHOLTZ
DataSAIL,https://helmholtz.software/software/datasail,https://github.com/kalininalab/DataSAIL,['https://github.com/kalininalab/DataSAIL'],kalininalab,DataSAIL,kalininalab/DataSAIL,HELMHOLTZ
KaMPIng - Karlsruhe MPI next generation,https://helmholtz.software/software/kamping-karlsruhe-mpi-next-generation,https://github.com/kamping-site/kamping,['https://github.com/kamping-site/kamping'],kamping-site,kamping,kamping-site/kamping,HELMHOLTZ
e2e-Dutch,https://research-software-directory.org/software/e2edutch,https://github.com/kentonl/e2e-coref,"['https://github.com/Filter-Bubble/e2e-Dutch', 'https://github.com/kentonl/e2e-coref']",kentonl,e2e-coref,kentonl/e2e-coref,RSD
KeY,https://helmholtz.software/software/key,https://github.com/keyproject/key,"['https://github.com/KeYProject/key-symbex-example', 'https://github.com/KeYProject/verification-project-template', 'https://github.com/keyproject/key', 'https://github.com/KeYProject/key-java-example']",keyproject,key,keyproject/key,HELMHOLTZ
Minion,https://helmholtz.software/software/minion,https://github.com/khoirulmuzakka/Minion,['https://github.com/khoirulmuzakka/Minion'],khoirulmuzakka,Minion,khoirulmuzakka/Minion,HELMHOLTZ
BroadLineRegions.jl,https://research-software-directory.org/software/broadlineregionsjl,https://github.com/kirklong/BroadLineRegions.jl,['https://github.com/kirklong/BroadLineRegions.jl'],kirklong,BroadLineRegions.jl,kirklong/BroadLineRegions.jl,RSD
MetaStore,https://helmholtz.software/software/metastore,https://github.com/kit-data-manager/base-repo,"['https://github.com/kit-data-manager/base-repo', 'https://github.com/kit-data-manager/metastore2']",kit-data-manager,base-repo,kit-data-manager/base-repo,HELMHOLTZ
Independent Parallel Particle Layer (IPPL),https://helmholtz.software/software/independent-parallel-particle-layer-ippl,https://github.com/kokkos/kokkos,"['https://github.com/kokkos/kokkos', 'https://github.com/gcc-mirror/gcc', 'https://github.com/IPPL-framework/ippl', 'https://github.com/icl-utk-edu/heffte']",kokkos,kokkos,kokkos/kokkos,HELMHOLTZ
asrlitcompare,https://research-software-directory.org/software/asrlitcompare,https://github.com/langtonhugh/asreview_irr,['https://github.com/langtonhugh/asreview_irr'],langtonhugh,asreview_irr,langtonhugh/asreview_irr,RSD
Lightning,https://research-software-directory.org/software/lightning,https://github.com/lightning-project/lightning,['https://github.com/lightning-project/lightning'],lightning-project,lightning,lightning-project/lightning,RSD
Lightning UQ Box,https://helmholtz.software/software/lightning-uq-box,https://github.com/lightning-uq-box/lightning-uq-box,['https://github.com/lightning-uq-box/lightning-uq-box'],lightning-uq-box,lightning-uq-box,lightning-uq-box/lightning-uq-box,HELMHOLTZ
TRIDEC Cloud,https://helmholtz.software/software/tridec-cloud,https://github.com/locationtech-archived/geoperil,['https://github.com/locationtech-archived/geoperil'],locationtech-archived,geoperil,locationtech-archived/geoperil,HELMHOLTZ
SicHash,https://helmholtz.software/software/sichash,https://github.com/lorenzhs/BuRR,"['https://github.com/ByteHamster/MPHF-Experiments', 'https://github.com/ByteHamster/SicHash', 'https://github.com/lorenzhs/BuRR']",lorenzhs,BuRR,lorenzhs/BuRR,HELMHOLTZ
cyCONDOR,https://helmholtz.software/software/cycondor,https://github.com/lorenzobonaguro/cyCONDOR,['https://github.com/lorenzobonaguro/cyCONDOR'],lorenzobonaguro,cyCONDOR,lorenzobonaguro/cyCONDOR,HELMHOLTZ
SARvey - survey with SAR,https://helmholtz.software/software/sarvey,https://github.com/luhipi/sarvey,['https://github.com/luhipi/sarvey'],luhipi,sarvey,luhipi/sarvey,HELMHOLTZ
m4ma,https://research-software-directory.org/software/m4ma,https://github.com/m4ma/m4ma,"['https://github.com/m4ma/m4ma', 'https://github.com/CharlotteTanis/predped']",m4ma,m4ma,m4ma/m4ma,RSD
addFeatures,https://research-software-directory.org/software/addfeatures,https://github.com/magnuspalmblad/addFeatures,['https://github.com/magnuspalmblad/addFeatures'],magnuspalmblad,addFeatures,magnuspalmblad/addFeatures,RSD
AutoGaitA,https://helmholtz.software/software/autogaita,https://github.com/mahan-hosseini/AutoGaitA,['https://github.com/mahan-hosseini/AutoGaitA'],mahan-hosseini,AutoGaitA,mahan-hosseini/AutoGaitA,HELMHOLTZ
Materials Learning Algorithms,https://helmholtz.software/software/materials-learning-algorithms,https://github.com/mala-project/mala,['https://github.com/mala-project/mala'],mala-project,mala,mala-project/mala,HELMHOLTZ
DumME,https://research-software-directory.org/software/dumme,https://github.com/manifoldai/merf,"['https://github.com/manifoldai/merf', 'https://github.com/phenology/dumme']",manifoldai,merf,manifoldai/merf,RSD
BaSiC,https://helmholtz.software/software/basic,https://github.com/marrlab/BaSiC,['https://github.com/marrlab/BaSiC'],marrlab,BaSiC,marrlab/BaSiC,HELMHOLTZ
InteractiveVis,https://helmholtz.software/software/interactivevis,https://github.com/martindyrba/DeepLearningInteractiveVis,['https://github.com/martindyrba/DeepLearningInteractiveVis'],martindyrba,DeepLearningInteractiveVis,martindyrba/DeepLearningInteractiveVis,HELMHOLTZ
UrbEm - Urban Emission downscaling for air quality modeling,https://helmholtz.software/software/urbem-urban-emission-downscaling-for-air-quality-modeling,https://github.com/martinottopaul/UrbEm,['https://github.com/martinottopaul/UrbEm'],martinottopaul,UrbEm,martinottopaul/UrbEm,HELMHOLTZ
MS2DeepScore,https://research-software-directory.org/software/ms2deepscore,https://github.com/matchms/ms2deepscore,['https://github.com/matchms/ms2deepscore'],matchms,ms2deepscore,matchms/ms2deepscore,RSD
CiTYCHEM,https://helmholtz.software/software/citychem,https://github.com/matthkarl/citychem,['https://github.com/matthkarl/citychem'],matthkarl,citychem,matthkarl/citychem,HELMHOLTZ
Mixed Meal Model SBML,https://research-software-directory.org/software/mixed-meal-model-sbml,https://github.com/max-de-rooij/MealModel.jl,"['https://github.com/Computational-Biology-TUe/mixed_meal_model_sbml', 'https://github.com/max-de-rooij/MealModel.jl']",max-de-rooij,MealModel.jl,max-de-rooij/MealModel.jl,RSD
BGC Viewer,https://research-software-directory.org/software/bgc-viewer,https://github.com/medema-group/bgc-viewer,['https://github.com/medema-group/bgc-viewer'],medema-group,bgc-viewer,medema-group/bgc-viewer,RSD
hyphe,https://research-software-directory.org/software/hyphe,https://github.com/medialab/hyphe,['https://github.com/medialab/hyphe'],medialab,hyphe,medialab/hyphe,RSD
Mainzelliste,https://helmholtz.software/software/mainzelliste,https://github.com/medicalinformatics/mainzelliste-gui/,['https://github.com/medicalinformatics/mainzelliste-gui/'],medicalinformatics,mainzelliste-gui,medicalinformatics/mainzelliste-gui,HELMHOLTZ
anvi'o,https://helmholtz.software/software/anvio,https://github.com/merenlab/anvio,['https://github.com/merenlab/anvio'],merenlab,anvio,merenlab/anvio,HELMHOLTZ
kunefe,https://research-software-directory.org/software/kunefe,https://github.com/mess-nlesc/kunefe,"['https://github.com/pre-commit/pre-commit', 'https://github.com/audreyr/cookiecutter', 'https://github.com/mess-nlesc/kunefe', 'https://github.com/NLeSC/python-template']",mess-nlesc,kunefe,mess-nlesc/kunefe,RSD
emvoice,https://research-software-directory.org/software/emvoice,https://github.com/mexca/emvoice,"['https://github.com/mexca/emvoice', 'https://github.com/audeering/opensmile/']",mexca,emvoice,mexca/emvoice,RSD
micromechanics-indentationGUI,https://helmholtz.software/software/micromechanics-indentationgui,https://github.com/micromechanics/indentationGUI,['https://github.com/micromechanics/indentationGUI'],micromechanics,indentationGUI,micromechanics/indentationGUI,HELMHOLTZ
GMGPolar,https://helmholtz.software/software/gmgpolar,https://github.com/mknaranja/GMGPolar,['https://github.com/mknaranja/GMGPolar'],mknaranja,GMGPolar,mknaranja/GMGPolar,HELMHOLTZ
AstronomicAL,https://research-software-directory.org/software/astronomical,https://github.com/modAL-python/modAL,"['https://github.com/modAL-python/modAL', 'https://github.com/grant-m-s/AstronomicAL']",modAL-python,modAL,modAL-python/modAL,RSD
CADET,https://helmholtz.software/software/cadet,https://github.com/modsim/CADET,"['https://github.com/modsim/CADET', 'https://github.com/cadet/CADET-Process', 'https://github.com/cadet/CADET-Workshop', 'https://github.com/cadet/CADET-Semi-Analytic', 'https://github.com/cadet/CADET-Verification', 'https://github.com/cadet/CADET-Core', 'https://github.com/cadet/CADET-RDM', 'https://github.com/fau-advanced-separations/CADET-Process']",modsim,CADET,modsim/CADET,HELMHOLTZ
KaRRi - Karlsruhe Rapid Ridesharing,https://helmholtz.software/software/karri,https://github.com/molaupi/karri,['https://github.com/molaupi/karri'],molaupi,karri,molaupi/karri,HELMHOLTZ
LOV3D,https://research-software-directory.org/software/4tu-lov3d,https://github.com/mroviranavarro/LOV3D_multi,['https://github.com/mroviranavarro/LOV3D_multi'],mroviranavarro,LOV3D_multi,mroviranavarro/LOV3D_multi,RSD
MTRESS,https://helmholtz.software/software/mtress,https://github.com/mtress/mtress,['https://github.com/mtress/mtress'],mtress,mtress,mtress/mtress,HELMHOLTZ
MUSCLE3,https://research-software-directory.org/software/muscle3,https://github.com/multiscale/muscle3,"['https://github.com/multiscale/ymmsl-python', 'https://github.com/multiscale/muscle3']",multiscale,muscle3,multiscale/muscle3,RSD
Orange3 Story Navigator,https://research-software-directory.org/software/orange3-story-navigator,https://github.com/navigating-stories/orange-story-navigator,['https://github.com/navigating-stories/orange-story-navigator'],navigating-stories,orange-story-navigator,navigating-stories/orange-story-navigator,RSD
NEST,https://helmholtz.software/software/nest,https://github.com/nest/nest-simulator,['https://github.com/nest/nest-simulator'],nest,nest-simulator,nest/nest-simulator,HELMHOLTZ
NEWSGAC platform,https://research-software-directory.org/software/newsgac-platform,https://github.com/newsgac/platform,['https://github.com/newsgac/platform'],newsgac,platform,newsgac/platform,RSD
scriptcwl,https://research-software-directory.org/software/scriptcwl,https://github.com/nlesc/scriptcwl,['https://github.com/nlesc/scriptcwl'],nlesc,scriptcwl,nlesc/scriptcwl,RSD
Allelic Variation Explorer,https://research-software-directory.org/software/allelic-variation-explorer,https://github.com/nlesc-ave/ave-rest-service,['https://github.com/nlesc-ave/ave-rest-service'],nlesc-ave,ave-rest-service,nlesc-ave/ave-rest-service,RSD
SAGECal,https://research-software-directory.org/software/sagecal,https://github.com/nlesc-dirac/sagecal,"['https://github.com/nlesc-dirac/sagecal', 'https://github.com/benvanwerkhoven/kernel_tuner']",nlesc-dirac,sagecal,nlesc-dirac/sagecal,RSD
pyTAMS,https://research-software-directory.org/software/pytams,https://github.com/nlesc-eTAOC/pyTAMS,['https://github.com/nlesc-eTAOC/pyTAMS'],nlesc-eTAOC,pyTAMS,nlesc-eTAOC/pyTAMS,RSD
CAT,https://research-software-directory.org/software/cat,https://github.com/nlesc-nano/CAT,['https://github.com/nlesc-nano/CAT'],nlesc-nano,CAT,nlesc-nano/CAT,RSD
PowerSensor3,https://research-software-directory.org/software/powersensor3,https://github.com/nlesc-recruit/PowerSensor3,['https://github.com/nlesc-recruit/PowerSensor3'],nlesc-recruit,PowerSensor3,nlesc-recruit/PowerSensor3,RSD
Emma,https://research-software-directory.org/software/emma,https://github.com/nlesc-sherlock/emma,['https://github.com/nlesc-sherlock/emma'],nlesc-sherlock,emma,nlesc-sherlock/emma,RSD
nlppln,https://research-software-directory.org/software/nlppln,https://github.com/nlppln/nlppln,['https://github.com/nlppln/nlppln'],nlppln,nlppln,nlppln/nlppln,RSD
DG_RoomAcoustics,https://research-software-directory.org/software/dgroomacoustics,https://github.com/nschloe/meshio,"['https://github.com/Building-acoustics-TU-Eindhoven/edg-acoustics', 'https://github.com/audreyr/cookiecutter', 'https://github.com/nschloe/meshio', 'https://github.com/NLeSC/python-template']",nschloe,meshio,nschloe/meshio,RSD
SLEPLET,https://research-software-directory.org/software/sleplet,https://github.com/numpy/numpy,"['https://github.com/astro-informatics/s2let', 'https://github.com/astro-informatics/sleplet', 'https://github.com/numpy/numpy', 'https://github.com/libigl/libigl-python-bindings', 'https://github.com/astro-informatics/ssht', 'https://github.com/SHTOOLS/SHTOOLS', 'https://github.com/mreineck/ducc', 'https://github.com/plotly/plotly.py', 'https://github.com/csdms-contrib/slepian_alpha']",numpy,numpy,numpy/numpy,RSD
Excel-to-fhir,https://research-software-directory.org/software/excel-to-fhir,https://github.com/nwo-strap/excel-to-fhir,['https://github.com/nwo-strap/excel-to-fhir'],nwo-strap,excel-to-fhir,nwo-strap/excel-to-fhir,RSD
sensession,https://research-software-directory.org/software/4tu-sensession,https://github.com/nzqo/sensession,['https://github.com/nzqo/sensession'],nzqo,sensession,nzqo/sensession,RSD
oTree Demo Experiments,https://research-software-directory.org/software/otree-demo-experiments,https://github.com/obeliss-nlesc/otree-experiments,['https://github.com/obeliss-nlesc/otree-experiments'],obeliss-nlesc,otree-experiments,obeliss-nlesc/otree-experiments,RSD
OBiBa Agate,https://research-software-directory.org/software/obiba-agate,https://github.com/obiba/agate,['https://github.com/obiba/agate'],obiba,agate,obiba/agate,RSD
"data_analysis - Supporting material for ""A hardware-efficient leakage-reduction scheme for quantum error correction with superconducting transmon qubits""",https://research-software-directory.org/software/4tu-data-analysis-supporting-material-for-a-hardware-efficient-leakage-reduction-scheme-for-quantum-error-correction-with-superconducting-transmon-qubits,https://github.com/obriente/qgarden,['https://github.com/obriente/qgarden'],obriente,qgarden,obriente/qgarden,RSD
oemof.solph,https://helmholtz.software/software/oemof-solph,https://github.com/oemof/oemof-solph/,['https://github.com/oemof/oemof-solph/'],oemof,oemof-solph,oemof/oemof-solph,HELMHOLTZ
mytoken,https://helmholtz.software/software/mytoken,https://github.com/oidc-mytoken/lib,"['https://github.com/oidc-mytoken/client', 'https://github.com/oidc-mytoken/lib', 'https://github.com/oidc-mytoken/server']",oidc-mytoken,lib,oidc-mytoken/lib,HELMHOLTZ
BIOMERO,https://research-software-directory.org/software/biomero,https://github.com/ome/omero-cli-zarr,"['https://github.com/TorecLuik/slurm-scripts', 'https://github.com/NL-BioImaging/biomero-scripts/', 'https://github.com/ome/omero-cli-zarr', 'https://github.com/NL-BioImaging/biomero', 'https://github.com/TorecLuik/slurm-docker-cluster', 'https://github.com/Cellular-Imaging-Amsterdam-UMC/NL-BIOMERO', 'https://github.com/facebookincubator/submitit', 'https://github.com/Neubias-WG5/W_Template', 'https://github.com/NL-BioImaging/biomero-scripts', 'https://github.com/Cellular-Imaging-Amsterdam-UMC/OMERO.biomero']",ome,omero-cli-zarr,ome/omero-cli-zarr,RSD
OMUSE,https://research-software-directory.org/software/omuse,https://github.com/omuse-geoscience/omuse,['https://github.com/omuse-geoscience/omuse'],omuse-geoscience,omuse,omuse-geoscience/omuse,RSD
MIRP,https://helmholtz.software/software/mirp,https://github.com/oncoray/mirp,['https://github.com/oncoray/mirp'],oncoray,mirp,oncoray/mirp,HELMHOLTZ
Hercules,https://research-software-directory.org/software/online-behaviour-machine-learning,https://github.com/online-behaviour/machine-learning,['https://github.com/online-behaviour/machine-learning'],online-behaviour,machine-learning,online-behaviour/machine-learning,RSD
openFuelCell2,https://helmholtz.software/software/openfuelcell2,https://github.com/openFuelCell2/openFuelCell2,['https://github.com/openFuelCell2/openFuelCell2'],openFuelCell2,openFuelCell2,openFuelCell2/openFuelCell2,HELMHOLTZ
openPMD-api,https://helmholtz.software/software/openpmd-api,https://github.com/openPMD/openPMD-api/,['https://github.com/openPMD/openPMD-api/'],openPMD,openPMD-api,openPMD/openPMD-api,HELMHOLTZ
openPSTD,https://research-software-directory.org/software/openpstd,https://github.com/openPSTD/openPSTD,['https://github.com/openPSTD/openPSTD'],openPSTD,openPSTD,openPSTD/openPSTD,RSD
NeuroGym,https://research-software-directory.org/software/neurogym,https://github.com/openai/gym,"['https://github.com/neurogym/neurogym/', 'https://github.com/Stable-Baselines-Team/stable-baselines3-contrib', 'https://github.com/openai/gym']",openai,gym,openai/gym,RSD
OpenChrom,https://research-software-directory.org/software/openchrom,https://github.com/openchrom/openchrom,['https://github.com/openchrom/openchrom'],openchrom,openchrom,openchrom/openchrom,RSD
OpenSim Creator,https://research-software-directory.org/software/opensim-creator,https://github.com/opensim-org/opensim-core,"['https://github.com/opensim-org/opensim-core', 'https://github.com/ComputationalBiomechanicsLab/opensim-creator']",opensim-org,opensim-core,opensim-org/opensim-core,RSD
Overture Arranger,https://research-software-directory.org/software/overture-arranger,https://github.com/overture-stack/arranger,['https://github.com/overture-stack/arranger'],overture-stack,arranger,overture-stack/arranger,RSD
PaN Training Catalogue for the Photon & Neutron Community,https://helmholtz.software/software/training-catalogue-for-photon-neutron,https://github.com/pan-training/training-catalogue,['https://github.com/pan-training/training-catalogue'],pan-training,training-catalogue,pan-training/training-catalogue,HELMHOLTZ
byteparsing,https://research-software-directory.org/software/byteparsing,https://github.com/parallelwindfarms/byteparsing,['https://github.com/parallelwindfarms/byteparsing'],parallelwindfarms,byteparsing,parallelwindfarms/byteparsing,RSD
ParFlow,https://helmholtz.software/software/parflow,https://github.com/parflow/parflow,['https://github.com/parflow/parflow'],parflow,parflow,parflow/parflow,HELMHOLTZ
pasta::bit_vector,https://helmholtz.software/software/pasta-bit-vector,https://github.com/pasta-toolbox/bit_vector/,"['https://github.com/pasta-toolbox/bit_vector/', 'https://github.com/pasta-toolbox/bit_vector_experiments']",pasta-toolbox,bit_vector,pasta-toolbox/bit_vector,HELMHOLTZ
endogenous-macrodynamics-in-algorithmic-recourse,https://research-software-directory.org/software/4tu-endogenous-macrodynamics-in-algorithmic-recourse,https://github.com/pat-alt/endogenous-macrodynamics-in-algorithmic-recourse,['https://github.com/pat-alt/endogenous-macrodynamics-in-algorithmic-recourse'],pat-alt,endogenous-macrodynamics-in-algorithmic-recourse,pat-alt/endogenous-macrodynamics-in-algorithmic-recourse,RSD
PathVisio,https://research-software-directory.org/software/pathvisio,https://github.com/pathvisio/pathvisio,['https://github.com/pathvisio/pathvisio'],pathvisio,pathvisio,pathvisio/pathvisio,RSD
BaSiCPy,https://helmholtz.software/software/basicpy,https://github.com/peng-lab/BaSiCPy,['https://github.com/peng-lab/BaSiCPy'],peng-lab,BaSiCPy,peng-lab/BaSiCPy,HELMHOLTZ
IRIDA,https://research-software-directory.org/software/irida,https://github.com/phac-nml/irida,['https://github.com/phac-nml/irida'],phac-nml,irida,phac-nml/irida,RSD
Clustering Geo-data Cubes,https://research-software-directory.org/software/cgc,https://github.com/phenology/cgc,['https://github.com/phenology/cgc'],phenology,cgc,phenology/cgc,RSD
PhenoTips,https://research-software-directory.org/software/phenotips,https://github.com/phenotips/phenotips,['https://github.com/phenotips/phenotips'],phenotips,phenotips,phenotips/phenotips,RSD
Parallel Ice Sheet Model (PISM),https://research-software-directory.org/software/pism,https://github.com/pism/pism,['https://github.com/pism/pism'],pism,pism,pism/pism,RSD
PyPlaque,https://helmholtz.software/software/pyplaque,https://github.com/plaque2/PyPlaque,['https://github.com/plaque2/PyPlaque'],plaque2,PyPlaque,plaque2/PyPlaque,HELMHOLTZ
bird-cloud-gnn,https://research-software-directory.org/software/bird-cloud-gnn,https://github.com/point-cloud-radar/bird-cloud-gnn,['https://github.com/point-cloud-radar/bird-cloud-gnn'],point-cloud-radar,bird-cloud-gnn,point-cloud-radar/bird-cloud-gnn,RSD
Cheetah,https://helmholtz.software/software/cheetah,https://github.com/psf/black,"['https://github.com/MALAPA-Collab/cheetah-tutorial-2025', 'https://github.com/desy-ml/3d-assets', 'https://github.com/psf/black', 'https://github.com/desy-ml/cheetah-demos']",psf,black,psf/black,HELMHOLTZ
PuReGoMe,https://research-software-directory.org/software/puregome,https://github.com/puregome/notebooks,['https://github.com/puregome/notebooks'],puregome,notebooks,puregome/notebooks,RSD
pycomlink,https://helmholtz.software/software/pycomlink,https://github.com/pycomlink/pycomlink,['https://github.com/pycomlink/pycomlink'],pycomlink,pycomlink,pycomlink/pycomlink,HELMHOLTZ
q-cardIA,https://research-software-directory.org/software/q-cardia,https://github.com/q-cardIA/qcardia,"['https://github.com/q-cardIA/qcardia-app', 'https://github.com/q-cardIA/qcardia-data', 'https://github.com/q-cardIA/qcardia', 'https://github.com/q-cardIA/qcardia-models']",q-cardIA,qcardia,q-cardIA/qcardia,RSD
qc2,https://research-software-directory.org/software/qc2,https://github.com/qc2nl/qc2,['https://github.com/qc2nl/qc2'],qc2nl,qc2,qc2nl/qc2,RSD
Quantum Newton Raphson,https://research-software-directory.org/software/quantum-newton-raphson,https://github.com/quantumapplicationlab/quantumnewtonraphson,['https://github.com/quantumapplicationlab/quantumnewtonraphson'],quantumapplicationlab,quantumnewtonraphson,quantumapplicationlab/quantumnewtonraphson,RSD
novoSpaRc,https://helmholtz.software/software/novosparc,https://github.com/rajewsky-lab/novosparc,['https://github.com/rajewsky-lab/novosparc'],rajewsky-lab,novosparc,rajewsky-lab/novosparc,HELMHOLTZ
VASCA,https://helmholtz.software/software/vasca,https://github.com/rbuehler/vasca,['https://github.com/rbuehler/vasca'],rbuehler,vasca,rbuehler/vasca,HELMHOLTZ
RCE,https://helmholtz.software/software/rce,https://github.com/rcenvironment/rce,['https://github.com/rcenvironment/rce'],rcenvironment,rce,rcenvironment/rce,HELMHOLTZ
RTLola Frontend,https://helmholtz.software/software/rtlola-frontend,https://github.com/reactive-systems/RTLola-Frontend,['https://github.com/reactive-systems/RTLola-Frontend'],reactive-systems,RTLola-Frontend,reactive-systems/RTLola-Frontend,HELMHOLTZ
recipy,https://research-software-directory.org/software/recipy,https://github.com/recipy/recipy,['https://github.com/recipy/recipy'],recipy,recipy,recipy/recipy,RSD
REE-HDSC,https://research-software-directory.org/software/ree-hdsc,https://github.com/ree-hdsc/ree-hdsc,['https://github.com/ree-hdsc/ree-hdsc'],ree-hdsc,ree-hdsc,ree-hdsc/ree-hdsc,RSD
COVID-19 Piedmont,https://research-software-directory.org/software/piedmont-covid-19-data-modelling-management,https://github.com/regione-piemonte/gescovid19,"['https://github.com/UniTo-SEPI/COVID-19_Piedmont', 'https://github.com/regione-piemonte/gescovid19']",regione-piemonte,gescovid19,regione-piemonte/gescovid19,RSD
Helmholtz Research Software Directory,https://helmholtz.software/software/hifis-rsd,https://github.com/research-software-directory/RSD-as-a-service,['https://github.com/research-software-directory/RSD-as-a-service'],research-software-directory,RSD-as-a-service,research-software-directory/RSD-as-a-service,HELMHOLTZ
orbitN,https://research-software-directory.org/software/orbitn-symplectic-integrator-for-near-keplerian-planetary-systems,https://github.com/rezeebe/orbitN,['https://github.com/rezeebe/orbitN'],rezeebe,orbitN,rezeebe/orbitN,RSD
wps-command-line-tool-repository,https://helmholtz.software/software/wps-command-line-tool-repository,https://github.com/riesgos/gfz-command-line-tool-repository,['https://github.com/riesgos/gfz-command-line-tool-repository'],riesgos,gfz-command-line-tool-repository,riesgos/gfz-command-line-tool-repository,HELMHOLTZ
eGSIM,https://helmholtz.software/software/egsim,https://github.com/rizac/egsim,['https://github.com/rizac/egsim'],rizac,egsim,rizac/egsim,HELMHOLTZ
TomoBEAR,https://helmholtz.software/software/tomobear,https://github.com/rkms86/SUSAN,"['https://github.com/rkms86/SUSAN', 'https://github.com/KudryashevLab/TomoBEAR']",rkms86,SUSAN,rkms86/SUSAN,HELMHOLTZ
ELECTRODE,https://helmholtz.software/software/electrode,https://github.com/robeme/lammps,['https://github.com/robeme/lammps'],robeme,lammps,robeme/lammps,HELMHOLTZ
Research Lifecycle Approach using Islandora,https://research-software-directory.org/software/research-lifecycle-approach-using-islandora,https://github.com/roblib/rdm-playbook,['https://github.com/roblib/rdm-playbook'],roblib,rdm-playbook,roblib/rdm-playbook,RSD
ROOT,https://research-software-directory.org/software/root,https://github.com/root-project/root,['https://github.com/root-project/root'],root-project,root,root-project/root,RSD
APE,https://research-software-directory.org/software/ape-automated-pipeline-explorer,https://github.com/sanctuuary/ape,['https://github.com/sanctuuary/ape'],sanctuuary,ape,sanctuuary/ape,RSD
Reflectorch,https://helmholtz.software/software/reflectorch,https://github.com/schreiber-lab/reflectorch,['https://github.com/schreiber-lab/reflectorch'],schreiber-lab,reflectorch,schreiber-lab/reflectorch,HELMHOLTZ
GR Framework,https://helmholtz.software/software/gr-framework,https://github.com/sciapp/gr,"['https://github.com/red-data-tools/GR.rb', 'https://github.com/sciapp/gr']",sciapp,gr,sciapp/gr,HELMHOLTZ
anndata,https://helmholtz.software/software/anndata,https://github.com/scverse/anndata,['https://github.com/scverse/anndata'],scverse,anndata,scverse/anndata,HELMHOLTZ
Citation File Format,https://helmholtz.software/software/citation-file-format,https://github.com/sdruskat/cfftracker,"['https://github.com/citation-file-format/citation-file-format', 'https://github.com/sdruskat/cfftracker']",sdruskat,cfftracker,sdruskat/cfftracker,HELMHOLTZ
SedTRAILS,https://research-software-directory.org/software/sedtrails,https://github.com/sedtrails/sedtrails,['https://github.com/sedtrails/sedtrails'],sedtrails,sedtrails,sedtrails/sedtrails,RSD
SeisBench: A toolbox for machine learning in seismology,https://helmholtz.software/software/seisbench,https://github.com/seisbench/seisbench,['https://github.com/seisbench/seisbench'],seisbench,seisbench,seisbench/seisbench,HELMHOLTZ
iReceptor Gateway,https://research-software-directory.org/software/ireceptor,https://github.com/sfu-ireceptor/config,"['https://github.com/sfu-ireceptor/config', 'https://github.com/sfu-ireceptor/dataloading-mongo', 'https://github.com/sfu-ireceptor/repository-mongodb', 'https://github.com/sfu-ireceptor/ireceptor-monitor', 'https://github.com/sfu-ireceptor/dataloading-curation', 'https://github.com/sfu-ireceptor/gateway', 'https://github.com/sfu-ireceptor/service-php-mongodb', 'https://github.com/sfu-ireceptor/turnkey-service-php']",sfu-ireceptor,config,sfu-ireceptor/config,RSD
Open Matrices Stimulus Set (omss),https://research-software-directory.org/software/open-matrices-stimulus-set-omss,https://github.com/shlomenu/raven-gen,"['https://github.com/aranvhout/OMSS_generator', 'https://github.com/shlomenu/raven-gen']",shlomenu,raven-gen,shlomenu/raven-gen,RSD
ReaxPro framework ontology,https://research-software-directory.org/software/reaxpro-framework-ontology,https://github.com/simphony/reaxpro-framework-ontology,['https://github.com/simphony/reaxpro-framework-ontology'],simphony,reaxpro-framework-ontology,simphony/reaxpro-framework-ontology,RSD
JURASSIC,https://helmholtz.software/software/jurassic,https://github.com/slcs-jsc/jurassic,['https://github.com/slcs-jsc/jurassic'],slcs-jsc,jurassic,slcs-jsc/jurassic,HELMHOLTZ
SMASH - A hadronic transport approach,https://helmholtz.software/software/smash,https://github.com/smash-transport/smash,"['https://github.com/smash-transport/smash-vhlle-hybrid', 'https://github.com/smash-transport/smash']",smash-transport,smash,smash-transport/smash,HELMHOLTZ
hermes,https://helmholtz.software/software/hermes,https://github.com/softwarepub/hermes,['https://github.com/softwarepub/hermes'],softwarepub,hermes,softwarepub/hermes,HELMHOLTZ
Pyspextools,https://research-software-directory.org/software/pyspextools,https://github.com/spex-xray/pyspextools,['https://github.com/spex-xray/pyspextools'],spex-xray,pyspextools,spex-xray/pyspextools,RSD
spirit,https://helmholtz.software/software/spirit,https://github.com/spirit-code/spirit,"['https://github.com/spirit-code/spirit', 'https://github.com/FlorianRhiem/VFRendering']",spirit-code,spirit,spirit-code/spirit,HELMHOLTZ
Platalea,https://research-software-directory.org/software/platalea,https://github.com/spokenlanguage/platalea,['https://github.com/spokenlanguage/platalea'],spokenlanguage,platalea,spokenlanguage/platalea,RSD
FishInspector,https://helmholtz.software/software/fishinspector,https://github.com/sscholz-UFZ/FishInspector,['https://github.com/sscholz-UFZ/FishInspector'],sscholz-UFZ,FishInspector,sscholz-UFZ/FishInspector,HELMHOLTZ
4CAT Capture & Analysis Toolkit,https://research-software-directory.org/software/4cat,https://github.com/strohne/Facepager,"['https://github.com/strohne/Facepager', 'https://github.com/digitalmethodsinitiative/4cat', 'https://github.com/digitalmethodsinitiative/zeeschuimer']",strohne,Facepager,strohne/Facepager,RSD
One button compute,https://research-software-directory.org/software/one-button-compute,https://github.com/surf-eds/one-button-compute,['https://github.com/surf-eds/one-button-compute'],surf-eds,one-button-compute,surf-eds/one-button-compute,RSD
Tamarin Prover,https://helmholtz.software/software/tamarin-prover,https://github.com/tamarin-prover/tamarin-prover,['https://github.com/tamarin-prover/tamarin-prover'],tamarin-prover,tamarin-prover,tamarin-prover/tamarin-prover,HELMHOLTZ
CrystFEL,https://helmholtz.software/software/crystfel,https://github.com/taw10/crystfel,['https://github.com/taw10/crystfel'],taw10,crystfel,taw10/crystfel,HELMHOLTZ
MemBrain v2,https://helmholtz.software/software/membrain-v2,https://github.com/teamtomo/membrain-seg,['https://github.com/teamtomo/membrain-seg'],teamtomo,membrain-seg,teamtomo/membrain-seg,HELMHOLTZ
TREAMS,https://helmholtz.software/software/treams,https://github.com/tfp-photonics/treams,['https://github.com/tfp-photonics/treams'],tfp-photonics,treams,tfp-photonics/treams,HELMHOLTZ
CellRank,https://helmholtz.software/software/cellrank,https://github.com/theislab/cellrank,['https://github.com/theislab/cellrank'],theislab,cellrank,theislab/cellrank,HELMHOLTZ
ChemTools,https://research-software-directory.org/software/chemtools,https://github.com/theochem/chemtools,['https://github.com/theochem/chemtools'],theochem,chemtools,theochem/chemtools,RSD
CIMPredict,https://helmholtz.software/software/cimpredict,https://github.com/tonitacker/CIMPredict,['https://github.com/tonitacker/CIMPredict'],tonitacker,CIMPredict,tonitacker/CIMPredict,HELMHOLTZ
tortellini,https://research-software-directory.org/software/tortellini-github-action,https://github.com/tortellini-tools/action,['https://github.com/tortellini-tools/action'],tortellini-tools,action,tortellini-tools/action,RSD
splithalfr,https://research-software-directory.org/software/splithalfr,https://github.com/tpronk/splithalfr,"['https://github.com/tpronk/splithalfr', 'https://github.com/tpronk/splithalfr_simulation']",tpronk,splithalfr,tpronk/splithalfr,RSD
TraP: The LOFAR Transients Pipeline,https://research-software-directory.org/software/trap-the-lofar-transients-pipeline,https://github.com/transientskp/tkp,['https://github.com/transientskp/tkp'],transientskp,tkp,transientskp/tkp,RSD
CUAS-MPI,https://helmholtz.software/software/cuas-mpi,https://github.com/tudasc/CUAS-MPI,['https://github.com/tudasc/CUAS-MPI'],tudasc,CUAS-MPI,tudasc/CUAS-MPI,HELMHOLTZ
Twiqs,https://research-software-directory.org/software/twinl-website-code,https://github.com/twinl/website,['https://github.com/twinl/website'],twinl,website,twinl/website,RSD
Geodisy,https://research-software-directory.org/software/geodisy,https://github.com/ubc-library/geodisy,['https://github.com/ubc-library/geodisy'],ubc-library,geodisy,ubc-library/geodisy,RSD
FormatFuzzer,https://helmholtz.software/software/formatfuzzer,https://github.com/uds-se/FormatFuzzer,['https://github.com/uds-se/FormatFuzzer'],uds-se,FormatFuzzer,uds-se/FormatFuzzer,HELMHOLTZ
ValidSense,https://research-software-directory.org/software/validsense,https://github.com/umcu/ValidSense,['https://github.com/umcu/ValidSense'],umcu,ValidSense,umcu/ValidSense,RSD
Umple,https://research-software-directory.org/software/umple,https://github.com/umple/umple,['https://github.com/umple/umple'],umple,umple,umple/umple,RSD
swyft,https://research-software-directory.org/software/swyft,https://github.com/undark-lab/swyft,['https://github.com/undark-lab/swyft'],undark-lab,swyft,undark-lab/swyft,RSD
Trimmomatic,https://helmholtz.software/software/trimmomatic,https://github.com/usadellab/Trimmomatic,['https://github.com/usadellab/Trimmomatic'],usadellab,Trimmomatic,usadellab/Trimmomatic,HELMHOLTZ
Radiam,https://research-software-directory.org/software/radiam,https://github.com/usask-rc/radiam/,['https://github.com/usask-rc/radiam/'],usask-rc,radiam,usask-rc/radiam,RSD
Open Computational Multiphysics,https://research-software-directory.org/software/open-computational-multiphysics,https://github.com/uw-comphys/opencmp,['https://github.com/uw-comphys/opencmp'],uw-comphys,opencmp,uw-comphys/opencmp,RSD
Vantage6,https://research-software-directory.org/software/vantage6,https://github.com/vantage6/vantage6,['https://github.com/vantage6/vantage6'],vantage6,vantage6,vantage6/vantage6,RSD
seahtrue,https://research-software-directory.org/software/seahtrue,https://github.com/vcjdeboer/seahtrue,['https://github.com/vcjdeboer/seahtrue'],vcjdeboer,seahtrue,vcjdeboer/seahtrue,RSD
SpatialData framework,https://helmholtz.software/software/spatialdata-framework,https://github.com/vitessce/vitessce,"['https://github.com/vitessce/vitessce', 'https://github.com/gustaveroussy/sopa', 'https://github.com/scverse/spatialdata-io', 'https://github.com/scverse/spatialdata/', 'https://github.com/scverse/spatialdata-plot', 'https://github.com/ckmah/bento-tools', 'https://github.com/haniffalab/webatlas-pipeline', 'https://github.com/scverse/napari-spatialdata']",vitessce,vitessce,vitessce/vitessce,HELMHOLTZ
Vitruvius,https://helmholtz.software/software/vitruvius,https://github.com/vitruv-tools/Vitruv,['https://github.com/vitruv-tools/Vitruv'],vitruv-tools,Vitruv,vitruv-tools/Vitruv,HELMHOLTZ
CosmoScout VR,https://helmholtz.software/software/cosmoscout-vr,https://github.com/vrpn/vrpn,"['https://github.com/cosmoscout/cosmoscout-vr', 'https://github.com/cosmoscout/vista', 'https://github.com/vrpn/vrpn']",vrpn,vrpn,vrpn/vrpn,HELMHOLTZ
GGIR,https://research-software-directory.org/software/ggir,https://github.com/wadpac/GGIR,['https://github.com/wadpac/GGIR'],wadpac,GGIR,wadpac/GGIR,RSD
Rankings Reloaded,https://helmholtz.software/software/rankings-reloaded,https://github.com/wiesenfa/challengeR,['https://github.com/wiesenfa/challengeR'],wiesenfa,challengeR,wiesenfa/challengeR,HELMHOLTZ
Workflomics,https://research-software-directory.org/software/workflomics,https://github.com/workflomics/workflomics-frontend,['https://github.com/workflomics/workflomics-frontend'],workflomics,workflomics-frontend,workflomics/workflomics-frontend,RSD
iqtools,https://helmholtz.software/software/iqtools,https://github.com/xaratustrah/iqtools,['https://github.com/xaratustrah/iqtools'],xaratustrah,iqtools,xaratustrah/iqtools,HELMHOLTZ
PyXenon,https://research-software-directory.org/software/pyxenon,https://github.com/xenon-middleware/pyxenon,['https://github.com/xenon-middleware/pyxenon'],xenon-middleware,pyxenon,xenon-middleware/pyxenon,RSD
Rosemary,https://research-software-directory.org/software/rosemary,https://github.com/yasgui-with-rosemary/app,"['https://github.com/yasgui-with-rosemary/app', 'https://github.com/CLARIAH/yasgui-grlc-publisher']",yasgui-with-rosemary,app,yasgui-with-rosemary/app,RSD
